mtllib model_4.mtl
o model_4
v -78.41925811767578 193.49961853027344 175.56065368652344 
v -92.1037826538086 193.49302673339844 169.41456604003906 
v -91.43494415283203 195.83920288085938 168.4578094482422 
v -92.87200164794922 196.1719207763672 167.9126739501953 
v -93.66268157958984 193.61209106445312 169.04283142089844 
v -94.29829406738281 196.7262420654297 167.83877563476562 
v -95.16357421875 193.9463348388672 169.02496337890625 
v -95.72432708740234 197.37364196777344 168.21253967285156 
v -96.5579833984375 194.4411163330078 169.46975708007812 
v -96.85038757324219 198.1389923095703 169.03656005859375 
v -97.75652313232422 195.06591796875 170.35447692871094 
v -97.63336181640625 198.85687255859375 170.1840362548828 
v -98.53950500488281 195.78379821777344 171.501953125 
v -99.40875244140625 201.147705078125 174.2440185546875 
v -100.32331848144531 198.025634765625 175.5430450439453 
v -99.79508209228516 201.78118896484375 175.61175537109375 
v -100.70755767822266 198.73863220214844 176.9154815673828 
v -99.63970184326172 202.34231567382812 177.07847595214844 
v -100.48175811767578 199.36080932617188 178.31680297851562 
v -99.1014633178711 202.65927124023438 178.5109405517578 
v -99.88367462158203 199.87936401367188 179.66012573242188 
v -98.1604995727539 202.7681884765625 179.73019409179688 
v -98.86811828613281 200.20835876464844 180.82337951660156 
v -96.8462905883789 202.63218688964844 180.6700439453125 
v -97.6045150756836 200.31654357910156 181.64956665039062 
v -83.85167694091797 200.30467224121094 187.72557067871094 
v -83.85167694091797 200.30467224121094 187.72557067871094 
v -95.79553985595703 204.87547302246094 179.90045166015625 
v -96.93734741210938 205.25003051757812 178.9007110595703 
v -83.85167694091797 200.30467224121094 187.72557067871094 
v -94.34181213378906 207.00384521484375 179.36534118652344 
v -95.31964874267578 207.5679473876953 178.28680419921875 
v -92.57866668701172 208.88877868652344 179.07806396484375 
v -93.36305236816406 209.6793670654297 177.98696899414062 
v -90.58918762207031 210.53028869628906 179.07565307617188 
v -91.1674575805664 211.48629760742188 178.00039672851562 
v -88.2987060546875 211.87937927246094 179.30218505859375 
v -88.67926788330078 212.9518280029297 178.223876953125 
v -85.97956848144531 212.86859130859375 179.81663513183594 
v -86.0435791015625 214.06390380859375 178.77870178222656 
v -83.54239654541016 213.46742248535156 180.59619140625 
v -83.38130950927734 214.73658752441406 179.61672973632812 
v -81.1270980834961 213.68148803710938 181.5501251220703 
v -80.72195434570312 214.93295288085938 180.6717529296875 
v -78.74213409423828 213.46182250976562 182.65953063964844 
v -83.85167694091797 200.30467224121094 187.72557067871094 
v -83.85167694091797 200.30467224121094 187.72557067871094 
v -83.85167694091797 200.30467224121094 187.72557067871094 
v -83.85167694091797 200.30467224121094 187.72557067871094 
v -83.85167694091797 200.30467224121094 187.72557067871094 
v -83.85167694091797 200.30467224121094 187.72557067871094 
v -83.85167694091797 200.30467224121094 187.72557067871094 
v -83.85167694091797 200.30467224121094 187.72557067871094 
v -76.56623840332031 212.86947631835938 183.96995544433594 
v -78.16124725341797 214.71405029296875 181.95233154296875 
v -83.85167694091797 200.30467224121094 187.72557067871094 
v -74.62891387939453 211.8675079345703 185.41517639160156 
v -75.7286376953125 214.04293823242188 183.3922576904297 
v -73.53459167480469 212.96221923828125 184.96697998046875 
v -72.97021484375 210.55955505371094 186.90525817871094 
v -71.7043228149414 211.49598693847656 186.61886596679688 
v -71.59851837158203 208.8966064453125 188.4213104248047 
v -70.25888061523438 209.65631103515625 188.30059814453125 
v -70.62222290039062 207.0007781982422 189.9434814453125 
v -69.1405029296875 207.56529235839844 189.9183349609375 
v -70.08345031738281 204.89617919921875 191.3771209716797 
v -68.5216293334961 205.25343322753906 191.5318603515625 
v -69.8907241821289 202.6317901611328 192.70416259765625 
v -68.36768341064453 202.775390625 192.99534606933594 
v -70.16714477539062 200.31126403808594 193.8716583251953 
v -83.85167694091797 200.30467224121094 187.72557067871094 
v -83.85167694091797 200.30467224121094 187.72557067871094 
v -83.85167694091797 200.30467224121094 187.72557067871094 
v -83.85167694091797 200.30467224121094 187.72557067871094 
v -83.85167694091797 200.30467224121094 187.72557067871094 
v -83.85167694091797 200.30467224121094 187.72557067871094 
v -83.85167694091797 200.30467224121094 187.72557067871094 
v -70.84231567382812 197.99562072753906 194.814208984375 
v -68.6913070678711 200.19219970703125 194.28038024902344 
v -83.85167694091797 200.30467224121094 187.72557067871094 
v -71.97611999511719 195.7523193359375 195.6207733154297 
v -69.39892578125 197.6323699951172 195.37355041503906 
v -70.62207794189453 195.15052795410156 196.20303344726562 
v -73.42984771728516 193.6239471435547 196.15589904785156 
v -72.23977661132812 192.83261108398438 196.8169403076172 
v -75.1929931640625 191.739013671875 196.4431610107422 
v -74.19636535644531 190.72120666503906 197.11679077148438 
v -77.1761474609375 190.06698608398438 196.4597930908203 
v -76.3919677734375 188.9142608642578 197.10336303710938 
v -79.389892578125 188.7484130859375 196.1820526123047 
v -78.8801498413086 187.44873046875 196.8798828125 
v -81.7920913696289 187.7592010498047 195.70460510253906 
v -81.5158462524414 186.33665466308594 196.32505798339844 
v -84.2292709350586 187.16038513183594 194.92503356933594 
v -83.85167694091797 200.30467224121094 187.72557067871094 
v -83.85167694091797 200.30467224121094 187.72557067871094 
v -83.85167694091797 200.30467224121094 187.72557067871094 
v -83.85167694091797 200.30467224121094 187.72557067871094 
v -83.85167694091797 200.30467224121094 187.72557067871094 
v -83.85167694091797 200.30467224121094 187.72557067871094 
v -83.85167694091797 200.30467224121094 187.72557067871094 
v -86.64456176757812 186.94630432128906 193.97109985351562 
v -84.18444061279297 185.6945037841797 195.4728240966797 
v -83.85167694091797 200.30467224121094 187.72557067871094 
v -88.96121215820312 187.1475067138672 192.79161071777344 
v -86.83746337890625 185.4676055908203 194.4320068359375 
v -89.39817810058594 185.68650817871094 193.1514129638672 
v -91.12236022949219 187.75831604003906 191.51429748535156 
v -91.8307876586914 186.3576202392578 191.71148681640625 
v -93.13642120361328 188.72976684570312 190.12026977539062 
v -94.02483367919922 187.43833923339844 190.1367645263672 
v -94.80145263671875 190.06825256347656 188.615966796875 
v -95.8551025390625 188.90457153320312 188.48487854003906 
v -96.17314910888672 191.73118591308594 187.09991455078125 
v -97.30054473876953 190.74424743652344 186.80316162109375 
v -97.1494369506836 193.62701416015625 185.5777587890625 
v -98.4189224243164 192.83526611328125 185.18540954589844 
v -97.6882095336914 195.7316131591797 184.14410400390625 
v -83.85167694091797 200.30467224121094 187.72557067871094 
v -83.85167694091797 200.30467224121094 187.72557067871094 
v -83.85167694091797 200.30467224121094 187.72557067871094 
v -83.85167694091797 200.30467224121094 187.72557067871094 
v -83.85167694091797 200.30467224121094 187.72557067871094 
v -83.85167694091797 200.30467224121094 187.72557067871094 
v -83.85167694091797 200.30467224121094 187.72557067871094 
v -97.88094329833984 197.99600219726562 182.8170623779297 
v -99.03779602050781 195.14712524414062 183.5718994140625 
v -83.85167694091797 200.30467224121094 187.72557067871094 
v -97.6045150756836 200.31654357910156 181.64956665039062 
v -99.19174194335938 197.6251678466797 182.10841369628906 
v -98.86811828613281 200.20835876464844 180.82337951660156 
v -100.24606323242188 197.08250427246094 181.0815887451172 
v -99.88367462158203 199.87936401367188 179.66012573242188 
v -100.90191650390625 196.44186401367188 179.8320770263672 
v -100.48175811767578 199.36080932617188 178.31680297851562 
v -101.01934814453125 195.6975860595703 178.4506072998047 
v -100.70755767822266 198.73863220214844 176.9154815673828 
v -100.71184539794922 194.95408630371094 177.12936401367188 
v -100.32331848144531 198.025634765625 175.5430450439453 
v -98.8533935546875 192.66323852539062 173.03240966796875 
v -98.53950500488281 195.78379821777344 171.501953125 
v -98.08306121826172 192.00640869140625 171.85650634765625 
v -97.75652313232422 195.06591796875 170.35447692871094 
v -96.88875579833984 191.49163818359375 170.96226501464844 
v -96.5579833984375 194.4411163330078 169.46975708007812 
v -95.52596282958984 191.14947509765625 170.44642639160156 
v -95.16357421875 193.9463348388672 169.02496337890625 
v -93.90956115722656 191.05943298339844 170.27667236328125 
v -93.66268157958984 193.61209106445312 169.04283142089844 
v -92.38021850585938 191.1724853515625 170.58206176757812 
v -92.1037826538086 193.49302673339844 169.41456604003906 
v -78.41925811767578 193.49961853027344 175.56065368652344 
v -78.41925811767578 193.49961853027344 175.56065368652344 
v -92.27686309814453 188.93862915039062 171.93186950683594 
v -93.75562286376953 188.5813751220703 171.7401580810547 
v -78.41925811767578 193.49961853027344 175.56065368652344 
v -91.6487045288086 186.8035125732422 173.34274291992188 
v -93.14517974853516 186.2205352783203 173.3347930908203 
v -90.67240905761719 184.90768432617188 174.8649139404297 
v -92.09512329101562 184.14797973632812 175.0226287841797 
v -89.39010620117188 183.2752685546875 176.4037322998047 
v -90.56660461425781 182.3083038330078 176.6673583984375 
v -87.64201354980469 181.93678283691406 177.8710479736328 
v -88.736328125 180.84207153320312 178.31924438476562 
v -85.7046890258789 180.93479919433594 179.31626892089844 
v -86.54228973388672 179.76133728027344 179.8939666748047 
v -83.52880096435547 180.3424530029297 180.62669372558594 
v -84.10969543457031 179.09024047851562 181.33389282226562 
v -81.22689056396484 180.122802734375 181.7730712890625 
v -81.54896545410156 178.871337890625 182.61447143554688 
v -78.81160736083984 180.3368682861328 182.72702026367188 
v -78.41925811767578 193.49961853027344 175.56065368652344 
v -78.41925811767578 193.49961853027344 175.56065368652344 
v -78.41925811767578 193.49961853027344 175.56065368652344 
v -78.41925811767578 193.49961853027344 175.56065368652344 
v -78.41925811767578 193.49961853027344 175.56065368652344 
v -78.41925811767578 193.49961853027344 175.56065368652344 
v -78.41925811767578 193.49961853027344 175.56065368652344 
v -78.41925811767578 193.49961853027344 175.56065368652344 
v -76.37442016601562 180.93568420410156 183.50657653808594 
v -78.89594268798828 179.0982208251953 183.65528869628906 
v -78.41925811767578 193.49961853027344 175.56065368652344 
v -73.97222137451172 181.92491149902344 183.98403930664062 
v -76.23368835449219 179.77090454101562 184.4933319091797 
v -73.60639190673828 180.833984375 185.0292510986328 
v -71.76480102539062 183.2740020751953 184.24755859375 
v -71.1865463256836 182.3179931640625 185.3228302001953 
v -69.69225311279297 184.91549682617188 184.20816040039062 
v -68.90788269042969 184.1249237060547 185.29925537109375 
v -67.92912292480469 186.80044555664062 183.9208984375 
v -66.95128631591797 186.23634338378906 184.99942016601562 
v -66.47537994384766 188.92881774902344 183.38577270507812 
v -65.33358001708984 188.55426025390625 184.38551330566406 
v -65.42464447021484 191.17210388183594 182.61618041992188 
v -64.1998291015625 191.06661987304688 183.5788116455078 
v -64.75579833984375 193.51828002929688 181.659423828125 
v -78.41925811767578 193.49961853027344 175.56065368652344 
v -78.41925811767578 193.49961853027344 175.56065368652344 
v -78.41925811767578 193.49961853027344 175.56065368652344 
v -78.41925811767578 193.49961853027344 175.56065368652344 
v -78.41925811767578 193.49961853027344 175.56065368652344 
v -78.41925811767578 193.49961853027344 175.56065368652344 
v -78.41925811767578 193.49961853027344 175.56065368652344 
v -64.47937774658203 195.83880615234375 180.491943359375 
v -63.4028205871582 193.59591674804688 182.4628448486328 
v -78.41925811767578 193.49961853027344 175.56065368652344 
v -64.58271789550781 198.0726776123047 179.14212036132812 
v -63.079200744628906 196.17910766601562 181.17782592773438 
v -63.2331428527832 198.65716552734375 179.71434020996094 
v -65.20455169677734 200.17727661132812 177.74545288085938 
v -63.93506622314453 200.96900939941406 178.13778686523438 
v -66.18085479736328 202.07310485839844 176.22328186035156 
v -64.9767074584961 203.09056091308594 176.46885681152344 
v -67.46947479248047 203.7360382080078 174.67025756835938 
v -66.49888610839844 204.89971923828125 174.83831787109375 
v -69.21758270263672 205.07452392578125 173.20294189453125 
v -68.33550262451172 206.39646911621094 173.1722412109375 
v -71.14857482910156 206.0459747314453 171.7719268798828 
v -70.52320098876953 207.44667053222656 171.61170959472656 
v -73.31604766845703 206.68731689453125 170.48040771484375 
v -78.41925811767578 193.49961853027344 175.56065368652344 
v -78.41925811767578 193.49961853027344 175.56065368652344 
v -78.41925811767578 193.49961853027344 175.56065368652344 
v -78.41925811767578 193.49961853027344 175.56065368652344 
v -78.41925811767578 193.49961853027344 175.56065368652344 
v -78.41925811767578 193.49961853027344 175.56065368652344 
v -78.41925811767578 193.49961853027344 175.56065368652344 
v -75.62637329101562 206.8579864501953 169.31512451171875 
v -72.87274169921875 208.11776733398438 170.1348114013672 
v -78.41925811767578 193.49961853027344 175.56065368652344 
v -78.04798126220703 206.6744384765625 168.34698486328125 
v -75.4334716796875 208.33668518066406 168.85423278808594 
v -78.17587280273438 208.14031982421875 167.836181640625 
v -80.56189727783203 206.0450897216797 167.6186065673828 
v -80.83814239501953 207.46763610839844 166.99815368652344 
v -82.88735961914062 205.08639526367188 167.0899658203125 
v -83.48017883300781 206.38609313964844 166.4291229248047 
v -85.09477996826172 203.7373046875 166.82643127441406 
v -85.88528442382812 204.92056274414062 166.1686553955078 
v -87.1673355102539 202.09579467773438 166.8658447265625 
v -88.15762329101562 203.0830841064453 166.2064208984375 
v -88.92414093017578 200.1803436279297 167.1673126220703 
v -90.11421966552734 200.9716796875 166.50625610351562 
v -90.38419342041016 198.08248901367188 167.68821716308594 
v -78.41925811767578 193.49961853027344 175.56065368652344 
v -78.41925811767578 193.49961853027344 175.56065368652344 
v -78.41925811767578 193.49961853027344 175.56065368652344 
v -78.41925811767578 193.49961853027344 175.56065368652344 
v -78.41925811767578 193.49961853027344 175.56065368652344 
v -78.41925811767578 193.49961853027344 175.56065368652344 
v -78.41925811767578 193.49961853027344 175.56065368652344 
v -91.66360473632812 198.63528442382812 167.05007934570312 
v -93.01530456542969 199.40968322753906 166.92018127441406 
v -94.36042022705078 200.2466278076172 167.25213623046875 
v -95.41606140136719 201.07302856445312 168.01075744628906 
v -96.11388397216797 201.87042236328125 169.12594604492188 
v -97.98709869384766 204.14279174804688 173.18980407714844 
v -98.35235595703125 204.7642059326172 174.6048583984375 
v -98.28421020507812 205.16632080078125 176.0991668701172 
v -97.81847381591797 205.3426971435547 177.5923309326172 
v -96.02204895019531 207.86863708496094 176.9327392578125 
v -96.40054321289062 207.8512725830078 175.41197204589844 
v -96.38986206054688 207.5592041015625 173.8711700439453 
v -96.0098648071289 206.95623779296875 172.4892120361328 
v -94.23445892333984 204.66542053222656 168.42922973632812 
v -93.45356750488281 203.86802673339844 167.27706909179688 
v -92.47676086425781 202.93157958984375 166.56494140625 
v -91.31669616699219 201.91714477539062 166.2644500732422 
v -89.175048828125 204.20603942871094 165.9331512451172 
v -86.78807067871094 206.1599578857422 165.92930603027344 
v -84.07271575927734 207.77886962890625 166.2159423828125 
v -81.30973815917969 208.9463348388672 166.83311462402344 
v -78.33299255371094 209.662353515625 167.7068328857422 
v -75.42749786376953 209.92051696777344 168.86764526367188 
v -72.70578002929688 209.68389892578125 170.2863006591797 
v -70.03752136230469 208.94610595703125 171.80841064453125 
v -67.6845703125 207.76815795898438 173.5165252685547 
v -65.68905639648438 206.1741943359375 175.3159942626953 
v -64.07836151123047 204.20677185058594 177.14529418945312 
v -62.900962829589844 201.92054748535156 178.89559936523438 
v -62.237823486328125 199.39501953125 180.60858154296875 
v -62.02486038208008 196.72178649902344 182.2046356201172 
v -62.387264251708984 193.9249267578125 183.6260986328125 
v -63.25252914428711 191.14501953125 184.81227111816406 
v -64.53553009033203 188.46157836914062 185.7308807373047 
v -66.24888610839844 185.93565368652344 186.35348510742188 
v -68.37579345703125 183.6652069091797 186.71791076660156 
v -70.7774887084961 181.69284057617188 186.6886444091797 
v -73.47810363769531 180.09239196777344 186.4351043701172 
v -76.25582885742188 178.90646362304688 185.7848358154297 
v -79.2325668334961 178.19044494628906 184.91110229492188 
v -82.12333679199219 177.95074462890625 183.78341674804688 
v -84.84505462646484 178.18734741210938 182.36476135253906 
v -87.52804565429688 178.9066925048828 180.8095245361328 
v -89.86626434326172 180.1031036376953 179.13453674316406 
v -91.86177825927734 181.6970672607422 177.33506774902344 
v -93.47246551513672 183.66448974609375 175.50575256347656 
v -94.66460418701172 185.9322509765625 173.72235107421875 
v -95.32774353027344 188.457763671875 172.0093536376953 
v -96.73563385009766 188.61679077148438 172.64744567871094 
v -96.026123046875 185.95712280273438 174.46456909179688 
v -94.78128814697266 183.52468872070312 176.3663330078125 
v -93.02642822265625 181.44158935546875 178.29591369628906 
v -90.89306640625 179.762451171875 180.18145751953125 
v -88.40226745605469 178.4993438720703 181.9756317138672 
v -85.67082214355469 177.72537231445312 183.6396942138672 
v -82.71977233886719 177.45257568359375 185.12632751464844 
v -79.59760284423828 177.73562622070312 186.32669067382812 
v -76.5703125 178.4765167236328 187.31394958496094 
v -73.5054931640625 179.7483673095703 187.93838500976562 
v -70.68392944335938 181.4347381591797 188.24005126953125 
v -68.10559844970703 183.5355987548828 188.2189483642578 
v -65.8703842163086 185.95301818847656 187.87425231933594 
v -64.06978607177734 188.63796997070312 187.2240447998047 
v -62.637550354003906 191.49249267578125 186.19354248046875 
v -61.78917694091797 194.4434814453125 184.9694366455078 
v -61.458396911621094 197.3929443359375 183.4769287109375 
v -61.60518264770508 200.23727416992188 181.8059539794922 
v -62.32102966308594 202.92747497558594 179.97462463378906 
v -63.56586456298828 205.3599090576172 178.07286071777344 
v -65.32072448730469 207.44300842285156 176.14328002929688 
v -67.45408630371094 209.1221466064453 174.25775146484375 
v -69.94488525390625 210.38525390625 172.4635772705078 
v -72.69107818603516 211.14076232910156 170.7664031982422 
v -75.62105560302734 211.4014892578125 169.32708740234375 
v -78.74955749511719 211.1489715576172 168.1125030517578 
v -81.85358428955078 210.37754821777344 167.1764373779297 
v -84.84164428710938 209.13621520996094 166.5008087158203 
v -87.66322326660156 207.44985961914062 166.1991424560547 
v -90.24156188964844 205.34898376464844 166.22024536132812 
v -91.11847686767578 206.38340759277344 166.9331817626953 
v -91.90568542480469 207.21131896972656 168.07113647460938 
v -93.68109130859375 209.5021514892578 172.13111877441406 
v -94.06951141357422 210.05612182617188 173.49417114257812 
v -94.17166900634766 210.29920959472656 175.05307006835938 
v -93.97821044921875 210.13906860351562 176.60531616210938 
v -91.499755859375 212.1419677734375 176.5833740234375 
v -91.58700561523438 212.3695526123047 175.04617309570312 
v -91.38494873046875 212.22445678710938 173.48809814453125 
v -91.00286102294922 211.7010040283203 172.11083984375 
v -89.14440155029297 209.41017150878906 168.0138702392578 
v -88.53804779052734 208.5637969970703 166.91677856445312 
v -85.51245880126953 210.33607482910156 167.22958374023438 
v -82.42657470703125 211.5958709716797 167.90133666992188 
v -79.21001434326172 212.4042205810547 168.86663818359375 
v -76.04570770263672 212.66314697265625 170.16163635253906 
v -72.97579193115234 212.39675903320312 171.69171142578125 
v -70.119140625 211.5986785888672 173.41343688964844 
v -67.50314331054688 210.3114471435547 175.26524353027344 
v -65.31500244140625 208.54714965820312 177.27383422851562 
v -63.541175842285156 206.3724822998047 179.24603271484375 
v -62.26260757446289 203.866943359375 181.22352600097656 
v -61.513057708740234 201.1036376953125 183.13059997558594 
v -61.257904052734375 198.13722229003906 184.8214111328125 
v -61.64644241333008 195.06565856933594 186.40773010253906 
v -62.55890655517578 192.02310180664062 187.71145629882812 
v -64.00164794921875 189.04006958007812 188.71835327148438 
v -65.88739776611328 186.27560424804688 189.40086364746094 
v -68.20143127441406 183.7481689453125 189.79205322265625 
v -70.885986328125 181.579833984375 189.7981414794922 
v -73.81376647949219 179.82601928710938 189.4814453125 
v -76.90806579589844 178.51724243164062 188.79078674316406 
v -80.13095092773438 177.73941040039062 187.811279296875 
v -83.37832641601562 177.48048400878906 186.5532684326172 
v -86.44190979003906 177.71633911132812 185.03738403320312 
v -89.29856872558594 178.51443481445312 183.31568908691406 
v -91.83782196044922 179.83218383789062 181.4126739501953 
v -94.08795166015625 181.58441162109375 179.48838806152344 
v -95.88285827636719 183.77114868164062 177.4688720703125 
v -97.16141510009766 186.2766876220703 175.49136352539062 
v -97.89623260498047 189.05845642089844 173.61741638183594 
v -98.66023254394531 189.6847686767578 174.80751037597656 
v -97.91276550292969 186.84194946289062 176.7098846435547 
v -96.62788391113281 184.30589294433594 178.7015838623047 
v -94.83297729492188 182.11915588378906 180.7211151123047 
v -92.55545043945312 180.3243408203125 182.70692443847656 
v -90.00145721435547 179.02505493164062 184.64303588867188 
v -87.04067993164062 178.21490478515625 186.3750762939453 
v -83.97075653076172 177.9485321044922 187.9051513671875 
v -80.70864868164062 178.22592163085938 189.1962890625 
v -77.47101593017578 179.022216796875 190.20889282226562 
v -74.29367065429688 180.33099365234375 190.86257934570312 
v -71.35746002197266 182.13380432128906 191.1981658935547 
v -68.58984375 184.30213928222656 191.1551055908203 
v -66.26106262207031 186.84803771972656 190.79701232910156 
v -64.37322235107422 189.6920166015625 190.11920166015625 
v -62.8621711730957 192.6565704345703 189.04220581054688 
v -61.94760513305664 195.7786407470703 187.74317932128906 
v -61.64214324951172 198.85020446777344 186.19384765625 
v -61.82688522338867 201.87767028808594 184.43763732910156 
v -62.582759857177734 204.67149353027344 182.516357421875 
v -63.873966217041016 207.2380828857422 180.51043701171875 
v -65.66886901855469 209.42481994628906 178.4909210205078 
v -67.9464111328125 211.21963500976562 176.50511169433594 
v -70.50040435791016 212.5189208984375 174.56900024414062 
v -73.44011688232422 213.3170166015625 172.88427734375 
v -76.5311050415039 213.59544372558594 171.306884765625 
v -79.79320526123047 213.31805419921875 170.0157470703125 
v -83.00978088378906 212.50970458984375 169.0504608154297 
v -86.20819091796875 211.21298217773438 168.34945678710938 
v -87.9772720336914 213.47329711914062 172.4236602783203 
v -88.4571533203125 213.978271484375 173.80477905273438 
v -88.76542663574219 214.05592346191406 175.34783935546875 
v -88.87588500976562 213.71188354492188 176.8881072998047 
v -86.01509094238281 214.8978271484375 177.5013885498047 
v -85.78368377685547 215.32777404785156 176.00926208496094 
v -85.36287689208984 215.28704833984375 174.4954376220703 
v -84.79991912841797 214.78207397460938 173.07733154296875 
v -81.5622787475586 215.578369140625 174.08993530273438 
v -78.38323211669922 215.8557586669922 175.4180450439453 
v -75.23025512695312 215.58938598632812 176.91114807128906 
v -72.35254669189453 214.77923583984375 178.68017578125 
v -69.71548461914062 213.47994995117188 180.57931518554688 
v -67.44427490234375 211.7156524658203 182.5509033203125 
v -65.6430435180664 209.49839782714844 184.58462524414062 
v -64.35816192626953 206.96234130859375 186.5763397216797 
v -63.61070251464844 204.11952209472656 188.4787139892578 
v -63.41753387451172 201.1410369873047 190.25381469726562 
v -63.81448745727539 198.02049255371094 191.8212432861328 
v -64.72062683105469 194.94741821289062 193.13916015625 
v -66.15703582763672 191.93386840820312 194.1602783203125 
v -68.1195297241211 189.1388702392578 194.8939666748047 
v -70.44830322265625 186.5929718017578 195.25205993652344 
v -73.12653350830078 184.3941192626953 195.27235412597656 
v -76.1521224975586 182.621826171875 194.95953369140625 
v -79.26116180419922 181.29458618164062 194.23577880859375 
v -82.47772216796875 180.48623657226562 193.27047729492188 
v -85.73983764648438 180.20884704589844 191.97933959960938 
v -88.91387176513672 180.48727416992188 190.43893432617188 
v -91.77684783935547 181.31588745117188 188.70301818847656 
v -94.41390991210938 182.61517333984375 186.8038787841797 
v -96.60205078125 184.3794708251953 184.79530334472656 
v -98.40328216552734 186.5967254638672 182.76156616210938 
v -99.68816375732422 189.13278198242188 180.76986694335938 
v -100.527099609375 191.92660522460938 178.8855743408203 
v -100.84725952148438 192.73117065429688 180.1783905029297 
v -100.09138488769531 189.93734741210938 182.09967041015625 
v -98.81282806396484 187.4318084716797 184.07717895507812 
v -97.03898620605469 185.25714111328125 186.04937744140625 
v -94.76777648925781 183.4928436279297 188.02098083496094 
v -92.23484802246094 182.2056121826172 189.90977478027344 
v -89.37820434570312 181.4075164794922 191.63148498535156 
v -86.22522735595703 181.14114379882812 193.1245880126953 
v -83.06092071533203 181.4000701904297 194.41958618164062 
v -79.84434509277344 182.2084197998047 195.3848876953125 
v -76.76480865478516 183.4987335205078 196.0424346923828 
v -73.822265625 185.27102661132812 196.39222717285156 
v -71.15245056152344 187.42088317871094 196.35304260253906 
v -68.81735229492188 189.93626403808594 196.0091552734375 
v -66.93792724609375 192.73126220703125 195.3124542236328 
v -65.50993347167969 195.69581604003906 194.27243041992188 
v -64.59746551513672 198.73837280273438 192.96871948242188 
v -64.18785858154297 201.79788208007812 191.42971801757812 
v -64.37470245361328 204.74583435058594 189.6688232421875 
v -65.19890594482422 207.55812072753906 187.817626953125 
v -66.47745513916016 210.06365966796875 185.8401336669922 
v -68.26603698730469 212.21987915039062 183.83482360839844 
v -70.43943786621094 214.0026397705078 181.85934448242188 
v -73.05543518066406 215.28985595703125 180.0075225830078 
v -75.9120864868164 216.08795166015625 178.2858123779297 
v -78.98198699951172 216.3543243408203 176.7557373046875 
v -82.13996887207031 216.06488037109375 175.47494506835938 
v -82.6796646118164 216.09918212890625 176.94532775878906 
v -83.12142181396484 215.6138458251953 178.41209411621094 
v -80.23066711425781 215.85354614257812 179.539794921875 
v -79.63421630859375 216.35169982910156 178.19688415527344 
v -76.6064453125 216.10943603515625 179.63233947753906 
v -73.8749771118164 215.33546447753906 181.29638671875 
v -71.38418579101562 214.07235717773438 183.09056091308594 
v -69.24449157714844 212.36270141601562 184.9903106689453 
v -67.48963165283203 210.27960205078125 186.91989135742188 
v -66.32786560058594 207.84716796875 188.858642578125 
v -65.53529357910156 205.18748474121094 190.63877868652344 
v -65.3821792602539 202.31263732910156 192.32395935058594 
v -65.71294403076172 199.36317443847656 193.8164520263672 
v -66.62965393066406 196.43064880371094 195.11065673828125 
v -67.99356842041016 193.5576629638672 196.07107543945312 
v -69.7941665649414 190.87271118164062 196.72128295898438 
v -72.02936553955078 188.45530700683594 197.06597900390625 
v -74.61402893066406 186.38494873046875 197.0728759765625 
v -77.43560791015625 184.69859313964844 196.77120971679688 
v -80.50041961669922 183.42674255371094 196.1467742919922 
v -83.60443115234375 182.6553192138672 195.21070861816406 
v -86.6498794555664 182.40280151367188 193.9591522216797 
v -89.57984924316406 182.6635284423828 192.5198211669922 
v -92.40911865234375 183.41903686523438 190.85963439941406 
v -94.89991760253906 184.68214416503906 189.0654754638672 
v -97.03960418701172 186.3917999267578 187.1657257080078 
v -98.7114028930664 188.47491455078125 185.19915771484375 
v -99.94990539550781 190.87681579589844 183.3115997314453 
v -100.66574096679688 193.5670166015625 181.4802703857422 
v -100.0331039428711 194.4092559814453 182.67764282226562 
v -99.36996459960938 191.8837432861328 184.390625 
v -98.19256591796875 189.59751892089844 186.14093017578125 
v -96.58187866210938 187.63009643554688 187.97024536132812 
v -94.58636474609375 186.0361328125 189.76971435546875 
v -92.23340606689453 184.85818481445312 191.47781372070312 
v -89.64822387695312 184.12037658691406 193.0369110107422 
v -86.84343719482422 183.88377380371094 194.41859436035156 
v -83.93792724609375 184.14193725585938 195.5793914794922 
v -81.04425048828125 184.8579559326172 196.49009704589844 
v -78.19820404052734 186.02542114257812 197.07028198242188 
v -75.48284912109375 187.6443328857422 197.35691833496094 
v -73.09589385986328 189.59823608398438 197.3530731201172 
v -70.9542465209961 191.88714599609375 197.0217742919922 
v -69.25563049316406 194.3946075439453 196.36605834960938 
v -67.97896575927734 197.10858154296875 195.43324279785156 
v -67.11369323730469 199.8884735107422 194.2470703125 
v -66.8280258178711 202.65480041503906 192.8767852783203 
v -67.0262451171875 205.3465118408203 191.3138427734375 
v -67.68938446044922 207.87203979492188 189.60086059570312 
v -68.80480194091797 210.17031860351562 187.76626586914062 
v -70.4091567993164 212.10720825195312 185.95115661621094 
v -72.48773956298828 213.70118713378906 184.1886749267578 
v -74.84068298339844 214.87913513183594 182.48056030273438 
v -77.4258804321289 215.61692810058594 180.9214630126953 
v 78.42535400390625 193.5037078857422 175.53390502929688 
v 92.1307144165039 193.5037078857422 169.431884765625 
v 91.48383331298828 195.823486328125 168.42605590820312 
v 92.85067749023438 196.178466796875 167.91932678222656 
v 91.67378997802734 198.65086364746094 167.06434631347656 
v 90.35122680664062 198.08221435546875 167.67051696777344 
v 90.11321258544922 200.97064208984375 166.46530151367188 
v 88.9179916381836 200.18833923339844 167.1339569091797 
v 88.09854125976562 203.07675170898438 166.1876220703125 
v 87.11373138427734 202.08078002929688 166.88177490234375 
v 85.89161682128906 204.9081573486328 166.1487579345703 
v 85.11088562011719 203.7290496826172 166.85418701171875 
v 83.4283447265625 206.373291015625 166.42831420898438 
v 82.92210388183594 205.07208251953125 167.07962036132812 
v 80.79179382324219 207.4721221923828 166.9893035888672 
v 80.47698211669922 206.048828125 167.6234893798828 
v 78.42535400390625 193.5037078857422 175.53390502929688 
v 93.6312255859375 193.614501953125 169.0018310546875 
v 78.42535400390625 193.5037078857422 175.53390502929688 
v 78.42535400390625 193.5037078857422 175.53390502929688 
v 78.42535400390625 193.5037078857422 175.53390502929688 
v 78.42535400390625 193.5037078857422 175.53390502929688 
v 78.42535400390625 193.5037078857422 175.53390502929688 
v 78.42535400390625 193.5037078857422 175.53390502929688 
v 78.10777282714844 206.6593017578125 168.3378448486328 
v 78.16706848144531 208.11312866210938 167.80039978027344 
v 78.42535400390625 193.5037078857422 175.53390502929688 
v 75.65467071533203 206.87295532226562 169.3108673095703 
v 75.45845794677734 208.35731506347656 168.8701629638672 
v 72.8510513305664 208.11312866210938 170.16725158691406 
v 73.29013061523438 206.6593017578125 170.48280334472656 
v 70.49201202392578 207.4721221923828 171.5750732421875 
v 71.1739501953125 206.048828125 171.76547241210938 
v 68.3109130859375 206.373291015625 173.15902709960938 
v 69.21674346923828 205.07208251953125 173.18165588378906 
v 66.45491790771484 204.9081573486328 174.8025360107422 
v 67.50157165527344 203.7290496826172 174.69436645507812 
v 65.007080078125 203.07675170898438 176.46861267089844 
v 66.1819076538086 202.08078002929688 176.20123291015625 
v 63.8653678894043 200.97064208984375 178.151611328125 
v 65.16203308105469 200.18833923339844 177.7108154296875 
v 78.42535400390625 193.5037078857422 175.53390502929688 
v 78.42535400390625 193.5037078857422 175.53390502929688 
v 78.42535400390625 193.5037078857422 175.53390502929688 
v 78.42535400390625 193.5037078857422 175.53390502929688 
v 78.42535400390625 193.5037078857422 175.53390502929688 
v 78.42535400390625 193.5037078857422 175.53390502929688 
v 78.42535400390625 193.5037078857422 175.53390502929688 
v 64.60176086425781 198.08221435546875 179.1349334716797 
v 63.26630783081055 198.65086364746094 179.71217346191406 
v 78.42535400390625 193.5037078857422 175.53390502929688 
v 64.4884262084961 195.823486328125 180.4451904296875 
v 63.114192962646484 196.178466796875 181.15887451171875 
v 63.39636993408203 193.614501953125 182.46327209472656 
v 64.7199935913086 193.5037078857422 181.6359405517578 
v 64.17691802978516 191.050537109375 183.54579162597656 
v 65.44994354248047 191.18392944335938 182.60479736328125 
v 65.35381317138672 188.57814025878906 184.40077209472656 
v 66.4994888305664 188.92520141601562 183.3972930908203 
v 66.92070770263672 186.22784423828125 185.01402282714844 
v 67.9327163696289 186.819091796875 183.93385314941406 
v 68.93537902832031 184.12171936035156 185.2917022705078 
v 69.7433090209961 184.89610290527344 184.20025634765625 
v 71.135986328125 182.3208465576172 185.3163604736328 
v 71.74615478515625 183.2478485107422 184.22784423828125 
v 78.42535400390625 193.5037078857422 175.53390502929688 
v 78.42535400390625 193.5037078857422 175.53390502929688 
v 78.42535400390625 193.5037078857422 175.53390502929688 
v 78.42535400390625 193.5037078857422 175.53390502929688 
v 78.42535400390625 193.5037078857422 175.53390502929688 
v 78.42535400390625 193.5037078857422 175.53390502929688 
v 78.42535400390625 193.5037078857422 175.53390502929688 
v 74.01167297363281 181.93533325195312 183.9512176513672 
v 73.59925079345703 180.855712890625 185.03680419921875 
v 78.42535400390625 193.5037078857422 175.53390502929688 
v 76.38005065917969 180.92807006835938 183.4585418701172 
v 76.23580169677734 179.7568817138672 184.47581481933594 
v 78.86685180664062 179.08535766601562 183.67892456054688 
v 78.74293518066406 180.34812927246094 182.72998046875 
v 81.56914520263672 178.8717041015625 182.59495544433594 
v 81.19603729248047 180.13446044921875 181.7569580078125 
v 84.18286895751953 179.08535766601562 181.31207275390625 
v 83.56058502197266 180.34812927246094 180.58502197265625 
v 86.53559112548828 179.7568817138672 179.89004516601562 
v 85.68309020996094 180.92807006835938 179.31655883789062 
v 88.71668243408203 180.855712890625 178.3060760498047 
v 87.71703338623047 181.93533325195312 177.84918212890625 
v 90.57267761230469 182.3208465576172 176.66256713867188 
v 89.35546875 183.2478485107422 176.38766479492188 
v 78.42535400390625 193.5037078857422 175.53390502929688 
v 78.42535400390625 193.5037078857422 175.53390502929688 
v 78.42535400390625 193.5037078857422 175.53390502929688 
v 78.42535400390625 193.5037078857422 175.53390502929688 
v 78.42535400390625 193.5037078857422 175.53390502929688 
v 78.42535400390625 193.5037078857422 175.53390502929688 
v 78.42535400390625 193.5037078857422 175.53390502929688 
v 90.67513275146484 184.89610290527344 174.88079833984375 
v 92.02684020996094 184.12171936035156 175.01071166992188 
v 78.42535400390625 193.5037078857422 175.53390502929688 
v 91.68868255615234 186.819091796875 173.3570098876953 
v 93.1685562133789 186.22784423828125 173.3277130126953 
v 93.76129150390625 188.57814025878906 171.7529296875 
v 92.24895477294922 188.92520141601562 171.93287658691406 
v 93.91340637207031 191.050537109375 170.30624389648438 
v 92.44535064697266 191.18392944335938 170.5856475830078 
v 93.6312255859375 193.614501953125 169.0018310546875 
v 92.1307144165039 193.5037078857422 169.431884765625 
v 78.42535400390625 193.5037078857422 175.53390502929688 
v 78.42535400390625 193.5037078857422 175.53390502929688 
v 78.42535400390625 193.5037078857422 175.53390502929688 
v 95.14250183105469 193.94688415527344 169.0430450439453 
v 95.46895599365234 191.16925048828125 170.4468994140625 
v 96.53723907470703 194.44544982910156 169.4931640625 
v 95.2780532836914 188.4832000732422 172.030029296875 
v 94.64021301269531 185.9497528076172 173.72703552246094 
v 93.4533920288086 183.66049194335938 175.53225708007812 
v 91.86473083496094 181.70700073242188 177.32913208007812 
v 89.87423706054688 180.08926391601562 179.11764526367188 
v 87.5396728515625 178.9293670654297 180.80398559570312 
v 84.86735534667969 178.19680786132812 182.40235900878906 
v 82.09382629394531 177.95262145996094 183.77340698242188 
v 79.21908569335938 178.19680786132812 184.91714477539062 
v 76.3261947631836 178.9293670654297 185.7965545654297 
v 73.42780303955078 180.08926391601562 186.44007873535156 
v 70.76678466796875 181.70700073242188 186.72256469726562 
v 68.36842346191406 183.66049194335938 186.70082092285156 
v 66.23273468017578 185.9497528076172 186.3748779296875 
v 64.5448226928711 188.4832000732422 185.71336364746094 
v 63.2405891418457 191.16925048828125 184.79591369628906 
v 62.41575622558594 193.94688415527344 183.6139373779297 
v 62.089298248291016 196.72451782226562 182.2100830078125 
v 62.28019714355469 199.4105682373047 180.626953125 
v 62.91803741455078 201.9440155029297 178.92994689941406 
v 64.1111831665039 204.20274353027344 177.13893127441406 
v 65.69351959228516 206.186767578125 175.32785034179688 
v 67.69033813476562 207.77398681640625 173.5535430908203 
v 70.10164642333984 208.9644012451172 171.81600952148438 
v 72.6908950805664 209.69696044921875 170.25462341308594 
v 75.47074890136719 209.91062927246094 168.8977813720703 
v 78.33916473388672 209.69696044921875 167.73985290527344 
v 81.31512451171875 208.9644012451172 166.8234405517578 
v 84.13677215576172 207.77398681640625 166.23110961914062 
v 86.79147338867188 206.186767578125 165.93441772460938 
v 89.19615173339844 204.20274353027344 165.97036743164062 
v 91.32551574707031 201.9440155029297 166.2821044921875 
v 93.01343536376953 199.4105682373047 166.94361877441406 
v 94.31766510009766 196.72451782226562 167.86106872558594 
v 95.14250183105469 193.94688415527344 169.0430450439453 
v 95.68077850341797 197.37570190429688 168.2401580810547 
v 96.53723907470703 194.44544982910156 169.4931640625 
v 96.82115173339844 198.12562561035156 169.01312255859375 
v 97.70291900634766 195.0732879638672 170.32296752929688 
v 97.62415313720703 198.8578338623047 170.14605712890625 
v 98.51224517822266 195.7749786376953 171.47010803222656 
v 99.43722534179688 201.1291046142578 174.21827697753906 
v 100.3253173828125 198.04623413085938 175.54232788085938 
v 99.75450134277344 201.80026245117188 175.6015167236328 
v 100.63626861572266 198.7479248046875 176.91136169433594 
v 99.6164779663086 202.30599975585938 177.07986450195312 
v 100.47293853759766 199.37574768066406 178.33287048339844 
v 99.06407928466797 202.67042541503906 178.52169799804688 
v 99.888916015625 199.89279174804688 179.70367431640625 
v 98.11300659179688 202.7706756591797 179.73870849609375 
v 98.89356231689453 200.20669555664062 180.82122802734375 
v 96.92304992675781 202.63726806640625 180.64273071289062 
v 97.56993103027344 200.31748962402344 181.6485595703125 
v 83.86457061767578 200.31748962402344 187.75059509277344 
v 83.86457061767578 200.31748962402344 187.75059509277344 
v 95.79044342041016 204.89601135253906 179.88720703125 
v 96.93611907958984 205.24305725097656 178.88372802734375 
v 83.86457061767578 200.31748962402344 187.75059509277344 
v 94.35720825195312 207.0021209716797 179.35064697265625 
v 95.37554168701172 207.56283569335938 178.28469848632812 
v 92.55294799804688 208.8945770263672 179.09844970703125 
v 93.36087036132812 209.66896057128906 178.00701904296875 
v 90.55010223388672 210.54283142089844 179.07086181640625 
v 91.15394592285156 211.5003662109375 177.9681396484375 
v 88.36132049560547 211.8858642578125 179.2963104248047 
v 88.690673828125 212.96548461914062 178.24769592285156 
v 85.91619873046875 212.86260986328125 179.8401641845703 
v 86.05413055419922 214.0643310546875 178.80870056152344 
v 83.54698944091797 213.47308349609375 180.5545196533203 
v 83.42940521240234 214.705322265625 179.61978149414062 
v 81.09388732910156 213.68675231933594 181.5275421142578 
v 80.72078704833984 214.9495086669922 180.68954467773438 
v 78.7293472290039 213.47308349609375 182.69947814941406 
v 83.86457061767578 200.31748962402344 187.75059509277344 
v 83.86457061767578 200.31748962402344 187.75059509277344 
v 83.86457061767578 200.31748962402344 187.75059509277344 
v 83.86457061767578 200.31748962402344 187.75059509277344 
v 83.86457061767578 200.31748962402344 187.75059509277344 
v 83.86457061767578 200.31748962402344 187.75059509277344 
v 83.86457061767578 200.31748962402344 187.75059509277344 
v 83.86457061767578 200.31748962402344 187.75059509277344 
v 76.61316680908203 212.86260986328125 183.98214721679688 
v 78.1133804321289 214.705322265625 181.98663330078125 
v 83.86457061767578 200.31748962402344 187.75059509277344 
v 74.65596008300781 211.8858642578125 185.39833068847656 
v 75.75434112548828 214.0643310546875 183.3944549560547 
v 73.57324981689453 212.96548461914062 184.97842407226562 
v 72.94078826904297 210.54283142089844 186.9110565185547 
v 71.71724700927734 211.5003662109375 186.62193298339844 
v 71.62112426757812 208.8945770263672 188.41790771484375 
v 70.26941680908203 209.66896057128906 188.2880096435547 
v 70.60124969482422 207.0021209716797 189.927490234375 
v 69.12770080566406 207.56283569335938 189.97100830078125 
v 70.04097747802734 204.89601135253906 191.35162353515625 
v 68.52864074707031 205.24305725097656 191.5315704345703 
v 69.92764282226562 202.63726806640625 192.66188049316406 
v 68.37652587890625 202.7706756591797 192.978271484375 
v 70.15921020507812 200.31748962402344 193.8526153564453 
v 83.86457061767578 200.31748962402344 187.75059509277344 
v 83.86457061767578 200.31748962402344 187.75059509277344 
v 83.86457061767578 200.31748962402344 187.75059509277344 
v 83.86457061767578 200.31748962402344 187.75059509277344 
v 83.86457061767578 200.31748962402344 187.75059509277344 
v 83.86457061767578 200.31748962402344 187.75059509277344 
v 83.86457061767578 200.31748962402344 187.75059509277344 
v 70.88916015625 197.99771118164062 194.82147216796875 
v 68.65869903564453 200.20669555664062 194.2826690673828 
v 83.86457061767578 200.31748962402344 187.75059509277344 
v 71.93870544433594 195.73898315429688 195.61398315429688 
v 69.43925476074219 197.64273071289062 195.3651885986328 
v 70.61614227294922 195.1703338623047 196.2201690673828 
v 73.37193298339844 193.63287353515625 196.15054321289062 
v 72.18304443359375 192.82003784179688 196.83340454101562 
v 75.18252563476562 191.70989990234375 196.4169464111328 
v 74.19771575927734 190.71392822265625 197.111083984375 
v 77.18537139892578 190.06163024902344 196.4445343017578 
v 76.3983154296875 188.9130401611328 197.13575744628906 
v 79.45088958740234 188.74913024902344 196.1678924560547 
v 78.86158752441406 187.4479217529297 196.856201171875 
v 81.81926727294922 187.74185180664062 195.67523193359375 
v 81.49813079833984 186.3490753173828 196.29519653320312 
v 84.1821517944336 187.1619110107422 194.9466552734375 
v 83.86457061767578 200.31748962402344 187.75059509277344 
v 83.86457061767578 200.31748962402344 187.75059509277344 
v 83.86457061767578 200.31748962402344 187.75059509277344 
v 83.86457061767578 200.31748962402344 187.75059509277344 
v 83.86457061767578 200.31748962402344 187.75059509277344 
v 83.86457061767578 200.31748962402344 187.75059509277344 
v 83.86457061767578 200.31748962402344 187.75059509277344 
v 86.63525390625 186.9482421875 193.9736328125 
v 84.12918090820312 185.6775665283203 195.49832153320312 
v 83.86457061767578 200.31748962402344 187.75059509277344 
v 88.99980163574219 187.1619110107422 192.8017120361328 
v 86.83147430419922 185.46389770507812 194.4143524169922 
v 89.44520568847656 185.6775665283203 193.1314697265625 
v 91.12230682373047 187.74185180664062 191.5332489013672 
v 91.79792022705078 186.3490753173828 191.70944213867188 
v 93.15625 188.74913024902344 190.0658721923828 
v 93.97901153564453 187.4479217529297 190.12547302246094 
v 94.79468536376953 190.06163024902344 188.60433959960938 
v 95.83500671386719 188.9130401611328 188.48196411132812 
v 96.11434936523438 191.70989990234375 187.09747314453125 
v 97.28916931152344 190.71392822265625 186.83009338378906 
v 97.12789916992188 193.63287353515625 185.5736846923828 
v 98.4308853149414 192.82003784179688 185.1470947265625 
v 97.68817138671875 195.73898315429688 184.14956665039062 
v 83.86457061767578 200.31748962402344 187.75059509277344 
v 83.86457061767578 200.31748962402344 187.75059509277344 
v 83.86457061767578 200.31748962402344 187.75059509277344 
v 83.86457061767578 200.31748962402344 187.75059509277344 
v 83.86457061767578 200.31748962402344 187.75059509277344 
v 83.86457061767578 200.31748962402344 187.75059509277344 
v 83.86457061767578 200.31748962402344 187.75059509277344 
v 97.88456726074219 197.99771118164062 182.8023223876953 
v 99.02362060546875 195.1703338623047 183.57232666015625 
v 83.86457061767578 200.31748962402344 187.75059509277344 
v 97.56993103027344 200.31748962402344 181.6485595703125 
v 99.17573547363281 197.64273071289062 182.12562561035156 
v 98.89356231689453 200.20669555664062 180.82122802734375 
v 100.21537017822266 197.1151580810547 181.10752868652344 
v 99.888916015625 199.89279174804688 179.70367431640625 
v 100.02447509765625 194.42909240722656 182.69065856933594 
v 99.38663482666016 191.89566040039062 184.38766479492188 
v 98.1998062133789 189.6063995361328 186.19288635253906 
v 96.61115264892578 187.6529083251953 187.98976135253906 
v 94.62065887451172 186.03515625 189.7782745361328 
v 92.28608703613281 184.87527465820312 191.46461486816406 
v 89.61376953125 184.14271545410156 193.06298828125 
v 86.84024047851562 183.89852905273438 194.4340362548828 
v 83.96549987792969 184.14271545410156 195.57777404785156 
v 81.0726089477539 184.87527465820312 196.45718383789062 
v 78.17422485351562 186.03515625 197.1007080078125 
v 75.51319885253906 187.6529083251953 197.38319396972656 
v 73.1148452758789 189.6063995361328 197.3614501953125 
v 70.97915649414062 191.89566040039062 197.03550720214844 
v 69.2912368774414 194.42909240722656 196.37399291992188 
v 67.98700714111328 197.1151580810547 195.45654296875 
v 67.16217041015625 199.89279174804688 194.27456665039062 
v 66.8357162475586 202.67042541503906 192.87071228027344 
v 67.026611328125 205.35647583007812 191.28758239746094 
v 67.6644515991211 207.88992309570312 189.590576171875 
v 68.85760498046875 210.14865112304688 187.799560546875 
v 70.43993377685547 212.13267517089844 185.9884796142578 
v 72.43675231933594 213.7198944091797 184.21417236328125 
v 74.84806060791016 214.91030883789062 182.4766387939453 
v 77.43731689453125 215.6428680419922 180.91525268554688 
v 80.21717071533203 215.8565216064453 179.55841064453125 
v 83.08558654785156 215.6428680419922 178.4004669189453 
v 86.06153869628906 214.91030883789062 177.48406982421875 
v 88.88318634033203 213.7198944091797 176.89173889160156 
v 91.53788757324219 212.13267517089844 176.5950469970703 
v 93.94256591796875 210.14865112304688 176.63099670410156 
v 96.07192993164062 207.88992309570312 176.94273376464844 
v 97.75984954833984 205.35647583007812 177.604248046875 
v 98.2742919921875 205.17520141601562 176.07716369628906 
v 98.31027221679688 204.7610321044922 174.59317016601562 
v 97.9866714477539 204.12039184570312 173.1957244873047 
v 96.17359924316406 201.84913635253906 169.12350463867188 
v 95.3769302368164 201.08639526367188 168.00477600097656 
v 94.33859252929688 200.24490356445312 167.23744201660156 
v 92.45291900634766 202.9309539794922 166.57887268066406 
v 90.20886993408203 205.34231567382812 166.23306274414062 
v 87.6958236694336 207.44842529296875 166.17727661132812 
v 84.85601806640625 209.12721252441406 166.50531005859375 
v 81.8555908203125 210.37867736816406 167.1431884765625 
v 78.70718383789062 211.14175415039062 168.1193389892578 
v 75.65999603271484 211.4164581298828 169.3228302001953 
v 72.7266616821289 211.14175415039062 170.78204345703125 
v 69.89454650878906 210.37867736816406 172.46859741210938 
v 67.41283416748047 209.12721252441406 174.2715301513672 
v 65.26886749267578 207.44842529296875 176.16241455078125 
v 63.6287727355957 205.34231567382812 178.0673065185547 
v 62.38418960571289 202.9309539794922 179.9663543701172 
v 61.61185073852539 200.24490356445312 181.808349609375 
v 61.45890808105469 197.37570190429688 183.4767303466797 
v 61.816993713378906 194.44544982910156 184.95162963867188 
v 62.679779052734375 191.48468017578125 186.21885681152344 
v 64.01564025878906 188.64601135253906 187.20733642578125 
v 65.90131378173828 185.95994567871094 187.8659210205078 
v 68.15169525146484 183.51808166503906 188.22593688964844 
v 70.65841674804688 181.44248962402344 188.26751708984375 
v 73.5045394897461 179.73316955566406 187.9536895751953 
v 76.50496673583984 178.48170471191406 187.31581115722656 
v 79.65337371826172 177.7186279296875 186.33966064453125 
v 82.69424438476562 177.4744415283203 185.12196350097656 
v 85.63389587402344 177.7186279296875 183.6769561767578 
v 88.46601104736328 178.48171997070312 181.9904022216797 
v 90.9477310180664 179.73316955566406 180.18748474121094 
v 93.08537292480469 181.44248962402344 178.28237915039062 
v 94.7317886352539 183.51808166503906 176.39169311523438 
v 95.97004699707031 185.95994567871094 174.4784393310547 
v 96.74238586425781 188.64601135253906 172.63644409179688 
v 96.90165710449219 191.48468017578125 170.98226928710938 
v 97.70291900634766 195.0732879638672 170.32296752929688 
v 98.0863037109375 192.02093505859375 171.8546905517578 
v 98.51224517822266 195.7749786376953 171.47010803222656 
v 96.38861846923828 207.8612518310547 175.4185791015625 
v 97.86927795410156 189.06016540527344 173.60267639160156 
v 97.12224578857422 186.25201416015625 175.5015106201172 
v 95.8135757446289 183.7490997314453 177.48016357421875 
v 94.10307312011719 181.58193969726562 179.45045471191406 
v 91.89501953125 179.81158447265625 181.4209442138672 
v 89.25350189208984 178.52960205078125 183.31204223632812 
v 86.4277114868164 177.73599243164062 185.01280212402344 
v 83.32825469970703 177.46127319335938 186.54598999023438 
v 80.11493682861328 177.73599243164062 187.8234405517578 
v 76.960205078125 178.52960205078125 188.78538513183594 
v 73.7873306274414 179.81158447265625 189.48301696777344 
v 70.84548950195312 181.58193969726562 189.80540466308594 
v 68.23672485351562 183.7490997314453 189.7581787109375 
v 65.89063262939453 186.25201416015625 189.40673828125 
v 63.97965621948242 189.06016540527344 188.6913299560547 
v 62.535430908203125 192.02093505859375 187.6829833984375 
v 61.653663635253906 195.0732879638672 186.37313842773438 
v 61.2702751159668 198.12562561035156 184.84141540527344 
v 61.4873046875 201.08639526367188 183.0934295654297 
v 62.240665435791016 203.86402893066406 181.20880126953125 
v 63.54933547973633 206.366943359375 179.2301483154297 
v 65.25350952148438 208.5646209716797 177.2456512451172 
v 67.46788787841797 210.30445861816406 175.28936767578125 
v 70.10308074951172 211.61697387695312 173.38406372070312 
v 72.92887115478516 212.4105682373047 171.6833038330078 
v 76.03465270996094 212.65476989746094 170.16432189941406 
v 79.24164581298828 212.4105682373047 168.87266540527344 
v 82.39637756347656 211.61697387695312 167.9107208251953 
v 85.5755844116211 210.30445861816406 167.227294921875 
v 88.51110076904297 208.5646209716797 166.8907012939453 
v 91.12618255615234 206.366943359375 166.95213317871094 
v 93.47227478027344 203.86402893066406 167.30357360839844 
v 94.25630187988281 204.68780517578125 168.3938751220703 
v 96.06937408447266 206.9590606689453 172.4661102294922 
v 96.40562438964844 207.53866577148438 173.8919677734375 
v 94.14456176757812 210.27261352539062 175.07278442382812 
v 91.63151550292969 212.37872314453125 175.01698303222656 
v 94.05953216552734 210.0415802001953 173.54052734375 
v 93.71694946289062 209.4925079345703 172.1004638671875 
v 91.90387725830078 207.22125244140625 168.02822875976562 
v 89.12266540527344 209.41893005371094 168.04075622558594 
v 86.18082427978516 211.1892852783203 168.36314392089844 
v 83.00161743164062 212.50180053710938 169.0465850830078 
v 79.75749969482422 213.325927734375 170.0312957763672 
v 76.54418182373047 213.60064697265625 171.30874633789062 
v 73.4447250366211 213.325927734375 172.84193420410156 
v 70.54219818115234 212.50180053710938 174.5938720703125 
v 67.90701293945312 211.1892852783203 176.4991912841797 
v 65.69895935058594 209.41893005371094 178.4696807861328 
v 63.91171646118164 207.22125244140625 180.4911651611328 
v 62.609375 204.68780517578125 182.48402404785156 
v 61.78560256958008 201.84913635253906 184.43405151367188 
v 61.57489776611328 198.8578338623047 186.1962432861328 
v 61.9646110534668 195.7749786376953 187.74217224121094 
v 62.85902786254883 192.66159057617188 189.08042907714844 
v 64.30957794189453 189.6702880859375 190.1029815673828 
v 66.30361938476562 186.8621368408203 190.7814178466797 
v 68.65603637695312 184.3286895751953 191.14706420898438 
v 71.35418701171875 182.13101196289062 191.1715087890625 
v 74.30236053466797 180.3301239013672 190.86334228515625 
v 77.48155975341797 179.0176239013672 190.17990112304688 
v 80.71935272216797 178.22401428222656 189.1809844970703 
v 83.93267059326172 177.94931030273438 187.90353393554688 
v 87.0321273803711 178.22401428222656 186.37034606933594 
v 89.94097900390625 179.0176239013672 184.6326141357422 
v 92.576171875 180.3301239013672 182.727294921875 
v 94.77790069580078 182.13101196289062 180.7425994873047 
v 96.64820098876953 184.3286895751953 178.6841278076172 
v 97.95054626464844 186.8621368408203 176.69126892089844 
v 98.69757843017578 189.6702880859375 174.7924346923828 
v 98.90828704833984 192.66159057617188 173.03024291992188 
v 100.3253173828125 198.04623413085938 175.54232788085938 
v 100.72135925292969 194.93284606933594 177.10247802734375 
v 100.63626861572266 198.7479248046875 176.91136169433594 
v 100.51065063476562 191.94155883789062 178.8646697998047 
v 99.76361846923828 189.13339233398438 180.7635040283203 
v 98.46127319335938 186.59996032714844 182.75636291503906 
v 96.59097290039062 184.4022674560547 184.8148193359375 
v 94.38924407958984 182.6013946533203 186.79953002929688 
v 91.7540512084961 181.28887939453125 188.704833984375 
v 88.84519958496094 180.49526977539062 190.44256591796875 
v 85.74574279785156 180.22056579589844 191.9757537841797 
v 82.53242492675781 180.49526977539062 193.25320434570312 
v 79.29463195800781 181.28887939453125 194.25213623046875 
v 76.11543273925781 182.6013946533203 194.93556213378906 
v 73.1672592163086 184.4022674560547 195.24374389648438 
v 70.46910858154297 186.59996032714844 195.2192840576172 
v 68.11669158935547 189.13339233398438 194.8536376953125 
v 66.12265014648438 191.94155883789062 194.1752166748047 
v 64.67210388183594 194.93284606933594 193.1526641845703 
v 63.77768325805664 198.04623413085938 191.8144073486328 
v 63.387969970703125 201.1291046142578 190.26846313476562 
v 63.59867477416992 204.12039184570312 188.5062713623047 
v 64.42244720458984 206.9590606689453 186.55624389648438 
v 65.72479248046875 209.4925079345703 184.56338500976562 
v 67.51203155517578 211.69020080566406 182.5419158935547 
v 69.72008514404297 213.46055603027344 180.5714111328125 
v 72.35527038574219 214.77305603027344 178.66610717773438 
v 75.25779724121094 215.59719848632812 176.91415405273438 
v 78.35725402832031 215.8719024658203 175.38096618652344 
v 81.57057189941406 215.59719848632812 174.10353088378906 
v 84.81468963623047 214.77305603027344 173.11880493164062 
v 87.993896484375 213.46055603027344 172.4353790283203 
v 90.93573760986328 211.69020080566406 172.1129913330078 
v 91.44444274902344 212.23927307128906 173.47909545898438 
v 88.79170989990234 214.05751037597656 175.3450164794922 
v 85.7912826538086 215.30897521972656 175.98289489746094 
v 88.50892639160156 213.97911071777344 173.81568908691406 
v 85.32971954345703 215.29161071777344 174.49911499023438 
v 82.64287567138672 216.07205200195312 176.9590606689453 
v 79.59568786621094 216.34677124023438 178.16253662109375 
v 82.17498779296875 216.08522033691406 175.46107482910156 
v 78.9679946899414 216.32940673828125 176.75271606445312 
v 76.66236114501953 216.07205200195312 179.62176513671875 
v 73.83023834228516 215.30897521972656 181.3083038330078 
v 75.86221313476562 216.08522033691406 178.27169799804688 
v 73.03642272949219 215.29161071777344 179.9724578857422 
v 71.34852600097656 214.05751037597656 183.11123657226562 
v 69.20455932617188 212.37872314453125 185.0021209716797 
v 70.40123748779297 213.97911071777344 181.8777618408203 
v 68.18685913085938 212.23927307128906 183.8340606689453 
v 67.56446838378906 210.27261352539062 186.90701293945312 
v 66.31988525390625 207.8612518310547 188.80606079101562 
v 66.48268127441406 210.0415802001953 185.8185577392578 
v 65.17401123046875 207.53866577148438 187.7971954345703 
v 65.54754638671875 205.17520141601562 190.6480712890625 
v 65.39459991455078 202.30599975585938 192.31643676757812 
v 64.42064666748047 204.7610321044922 189.68182373046875 
v 64.20362091064453 201.80026245117188 191.4298095703125 
v 65.752685546875 199.37574768066406 193.79135131835938 
v 66.61547088623047 196.41497802734375 195.05856323242188 
v 64.5870132446289 198.7479248046875 192.9615478515625 
v 65.4687728881836 195.69558715820312 194.27137756347656 
v 67.95133209228516 193.57630920410156 196.04705810546875 
v 69.83700561523438 190.89024353027344 196.7056427001953 
v 66.91300201416016 192.7348175048828 195.27972412109375 
v 68.823974609375 189.92666625976562 195.99513244628906 
v 72.08738708496094 188.44837951660156 197.06564331054688 
v 74.59410858154297 186.37278747558594 197.1072235107422 
v 71.1700668334961 187.42373657226562 196.34658813476562 
v 73.7788314819336 185.25657653808594 196.39381408691406 
v 77.44023132324219 184.66346740722656 196.7934112548828 
v 80.44066619873047 183.41201782226562 196.15553283691406 
v 76.72067260742188 183.48622131347656 196.07142639160156 
v 79.8935546875 182.20423889160156 195.373779296875 
v 83.58906555175781 182.64892578125 195.1793670654297 
v 86.62993621826172 182.4047393798828 193.96168518066406 
v 83.04828643798828 181.41062927246094 194.41183471679688 
v 86.26160430908203 181.13592529296875 193.13438415527344 
v 89.56958770751953 182.64892578125 192.51666259765625 
v 92.4017105102539 183.41201782226562 190.8301239013672 
v 89.36105346679688 181.41062927246094 191.60121154785156 
v 92.18684387207031 182.20423889160156 189.90045166015625 
v 94.8834228515625 184.66346740722656 189.02719116210938 
v 97.02106475830078 186.37278747558594 187.12208557128906 
v 94.82836151123047 183.48622131347656 188.0093536376953 
v 97.03641510009766 185.25657653808594 186.03884887695312 
v 98.66748046875 188.44837951660156 185.2313995361328 
v 99.9057388305664 190.89024353027344 183.3181610107422 
v 98.74691772460938 187.42373657226562 184.0685577392578 
v 100.05558776855469 189.92666625976562 182.08990478515625 
v 100.6780776977539 193.57630920410156 181.4761505126953 
v 100.83734893798828 196.41497802734375 179.8219757080078 
v 100.47293853759766 199.37574768066406 178.33287048339844 
v 101.0196533203125 195.69558715820312 178.44309997558594 
v 100.80262756347656 192.7348175048828 180.19107055664062 
vn 0.3634311258792877 -0.4548574686050415 -0.8130329251289368 
vn 0.27614572644233704 -0.44825559854507446 -0.8501826524734497 
vn 0.27960526943206787 -0.4337238371372223 -0.856565535068512 
vn 0.0774022564291954 -0.37921473383903503 -0.9220656752586365 
vn 0.06185375899076462 -0.43151962757110596 -0.8999805450439453 
vn -0.21166491508483887 -0.2738107144832611 -0.9382034540176392 
vn -0.24465356767177582 -0.36469724774360657 -0.8984100818634033 
vn -0.4879246950149536 -0.13789282739162445 -0.8619252443313599 
vn -0.5262318253517151 -0.26737937331199646 -0.8072104454040527 
vn -0.7143495082855225 0.005192787852138281 -0.699769914150238 
vn -0.7570071220397949 -0.13773413002490997 -0.6387253403663635 
vn -0.8356159329414368 0.12051092088222504 -0.5359321236610413 
vn -0.8815606832504272 -0.03507411107420921 -0.470766544342041 
vn -0.8923347592353821 0.1918056607246399 -0.4085942804813385 
vn -0.9397506713867188 0.03629416599869728 -0.3399292230606079 
vn -0.9376237988471985 0.2871122360229492 -0.19603142142295837 
vn -0.9813109040260315 0.13867069780826569 -0.13341602683067322 
vn -0.9154253005981445 0.39095139503479004 0.09567470103502274 
vn -0.952825129032135 0.2629137933254242 0.15166066586971283 
vn -0.8042947053909302 0.4526592791080475 0.38498011231422424 
vn -0.8315472602844238 0.36137717962265015 0.4218244254589081 
vn -0.6140499114990234 0.4743145704269409 0.6308474540710449 
vn -0.6285236477851868 0.43048563599586487 0.6477964520454407 
vn -0.4427858889102936 0.4626983404159546 0.7680175304412842 
vn -0.4471350312232971 0.4482601583003998 0.7740369439125061 
vn -0.36343178153038025 0.4544360637664795 0.81326824426651 
vn -0.36343178153038025 0.4544360637664795 0.81326824426651 
vn -0.4381199777126312 0.4770372211933136 0.7618966102600098 
vn -0.5928839445114136 0.5218096375465393 0.6133542656898499 
vn -0.36343178153038025 0.4544360637664795 0.81326824426651 
vn -0.42941606044769287 0.4896223247051239 0.7588621973991394 
vn -0.5619415044784546 0.5686506032943726 0.6007147431373596 
vn -0.41606205701828003 0.5068758726119995 0.7549630999565125 
vn -0.5280442833900452 0.6036065816879272 0.5973510146141052 
vn -0.40308877825737 0.5175698399543762 0.754745602607727 
vn -0.4867190420627594 0.6419637799263 0.5924416184425354 
vn -0.39040642976760864 0.524627685546875 0.7565372586250305 
vn -0.44087404012680054 0.6673837900161743 0.6001907587051392 
vn -0.378025621175766 0.5287312865257263 0.7599604725837708 
vn -0.3912651538848877 0.6875392198562622 0.6117200255393982 
vn -0.3618561625480652 0.5309968590736389 0.7662261724472046 
vn -0.34238630533218384 0.7013269662857056 0.6252296566963196 
vn -0.34514692425727844 0.5359318256378174 0.7704873085021973 
vn -0.29219380021095276 0.7064851522445679 0.6445940732955933 
vn -0.32875704765319824 0.5378711819648743 0.7762817740440369 
vn -0.36343178153038025 0.4544360637664795 0.81326824426651 
vn -0.36343178153038025 0.4544360637664795 0.81326824426651 
vn -0.36343178153038025 0.4544360637664795 0.81326824426651 
vn -0.36343178153038025 0.4544360637664795 0.81326824426651 
vn -0.36343178153038025 0.4544360637664795 0.81326824426651 
vn -0.36343178153038025 0.4544360637664795 0.81326824426651 
vn -0.36343178153038025 0.4544360637664795 0.81326824426651 
vn -0.36343178153038025 0.4544360637664795 0.81326824426651 
vn -0.31742510199546814 0.5323337912559509 0.78476881980896 
vn -0.24355177581310272 0.705437421798706 0.6656129360198975 
vn -0.36343178153038025 0.4544360637664795 0.81326824426651 
vn -0.30639100074768066 0.5231455564498901 0.7952630519866943 
vn -0.19541369378566742 0.6934171319007874 0.6935317516326904 
vn -0.15546822547912598 0.6715412139892578 0.7244737148284912 
vn -0.2944107949733734 0.5202404260635376 0.8016684055328369 
vn -0.119163379073143 0.6474169492721558 0.7527626156806946 
vn -0.2832253873348236 0.5078824758529663 0.8135347962379456 
vn -0.09467845410108566 0.6120581030845642 0.7851248383522034 
vn -0.2800842523574829 0.4928920269012451 0.8237780928611755 
vn -0.07272355258464813 0.5706632137298584 0.8179577589035034 
vn -0.2762734889984131 0.4843203127384186 0.8301246166229248 
vn -0.058698102831840515 0.5307802557945251 0.8454744815826416 
vn -0.2723383605480194 0.46912211179733276 0.8400930166244507 
vn -0.05730476975440979 0.48292046785354614 0.8737872242927551 
vn -0.2762604355812073 0.4513981342315674 0.8484809994697571 
vn -0.36343178153038025 0.4544360637664795 0.81326824426651 
vn -0.36343178153038025 0.4544360637664795 0.81326824426651 
vn -0.36343178153038025 0.4544360637664795 0.81326824426651 
vn -0.36343178153038025 0.4544360637664795 0.81326824426651 
vn -0.36343178153038025 0.4544360637664795 0.81326824426651 
vn -0.36343178153038025 0.4544360637664795 0.81326824426651 
vn -0.36343178153038025 0.4544360637664795 0.81326824426651 
vn -0.2799973785877228 0.44022831320762634 0.8531122803688049 
vn -0.062340397387742996 0.4348124861717224 0.8983606696128845 
vn -0.36343178153038025 0.4544360637664795 0.81326824426651 
vn -0.2835150361061096 0.42902442812919617 0.8576463460922241 
vn -0.07495433837175369 0.38694992661476135 0.9190492630004883 
vn -0.09808123856782913 0.3428482115268707 0.9342564940452576 
vn -0.29440224170684814 0.4086279571056366 0.8639158606529236 
vn -0.1285078376531601 0.29997262358665466 0.9452524185180664 
vn -0.30597904324531555 0.39825308322906494 0.8647376894950867 
vn -0.16137577593326569 0.25553151965141296 0.9532373547554016 
vn -0.31740012764930725 0.38778889179229736 0.8653767704963684 
vn -0.20342007279396057 0.22224511206150055 0.9535341262817383 
vn -0.3291453719139099 0.3805304765701294 0.8642105460166931 
vn -0.24771639704704285 0.1942795068025589 0.9491533041000366 
vn -0.3448529541492462 0.3719401955604553 0.8618218302726746 
vn -0.295987069606781 0.1751873791217804 0.9389892816543579 
vn -0.3609495460987091 0.3666461110115051 0.857488214969635 
vn -0.36343178153038025 0.4544360637664795 0.81326824426651 
vn -0.36343178153038025 0.4544360637664795 0.81326824426651 
vn -0.36343178153038025 0.4544360637664795 0.81326824426651 
vn -0.36343178153038025 0.4544360637664795 0.81326824426651 
vn -0.36343178153038025 0.4544360637664795 0.81326824426651 
vn -0.36343178153038025 0.4544360637664795 0.81326824426651 
vn -0.36343178153038025 0.4544360637664795 0.81326824426651 
vn -0.3739207684993744 0.3692806363105774 0.8507732152938843 
vn -0.3461991846561432 0.16158455610275269 0.9241408705711365 
vn -0.36343178153038025 0.4544360637664795 0.81326824426651 
vn -0.3902814984321594 0.3670766055583954 0.8443548679351807 
vn -0.39947283267974854 0.15715743601322174 0.9031738042831421 
vn -0.4446084499359131 0.15829356014728546 0.8816271424293518 
vn -0.4034305512905121 0.37298330664634705 0.8355401158332825 
vn -0.4917845129966736 0.16905251145362854 0.854148268699646 
vn -0.41599541902542114 0.37538567185401917 0.8282713294029236 
vn -0.532646894454956 0.1928597390651703 0.8240706920623779 
vn -0.429068922996521 0.38438451290130615 0.8174034357070923 
vn -0.5681313276290894 0.2215404361486435 0.7925571203231812 
vn -0.43815621733665466 0.3981291949748993 0.8059232831001282 
vn -0.5974027514457703 0.2517588436603546 0.7613983750343323 
vn -0.44277358055114746 0.4100278317928314 0.7973887324333191 
vn -0.6177945137023926 0.28857892751693726 0.7314726114273071 
vn -0.44711068272590637 0.42189669609069824 0.7887301445007324 
vn -0.36343178153038025 0.4544360637664795 0.81326824426651 
vn -0.36343178153038025 0.4544360637664795 0.81326824426651 
vn -0.36343178153038025 0.4544360637664795 0.81326824426651 
vn -0.36343178153038025 0.4544360637664795 0.81326824426651 
vn -0.36343178153038025 0.4544360637664795 0.81326824426651 
vn -0.36343178153038025 0.4544360637664795 0.81326824426651 
vn -0.36343178153038025 0.4544360637664795 0.81326824426651 
vn -0.4472660422325134 0.43510544300079346 0.7814322113990784 
vn -0.628997802734375 0.3318592607975006 0.703015923500061 
vn -0.36343178153038025 0.4544360637664795 0.81326824426651 
vn -0.4471350312232971 0.4482601583003998 0.7740369439125061 
vn -0.6338620185852051 0.37995365262031555 0.6736871004104614 
vn -0.6285236477851868 0.43048563599586487 0.6477964520454407 
vn -0.8420548439025879 0.26994869112968445 0.4669813811779022 
vn -0.8315472602844238 0.36137717962265015 0.4218244254589081 
vn -0.966401994228363 0.13975991308689117 0.21571943163871765 
vn -0.952825129032135 0.2629137933254242 0.15166066586971283 
vn -0.998227059841156 -0.007532138843089342 -0.05904840677976608 
vn -0.9813109040260315 0.13867069780826569 -0.13341602683067322 
vn -0.9575843214988708 -0.11891423165798187 -0.2624737620353699 
vn -0.9397506713867188 0.03629416599869728 -0.3399292230606079 
vn -0.9007928371429443 -0.19165313243865967 -0.3896692097187042 
vn -0.8815606832504272 -0.03507411107420921 -0.470766544342041 
vn -0.7743427157402039 -0.2883322536945343 -0.5632571578025818 
vn -0.7570071220397949 -0.13773413002490997 -0.6387253403663635 
vn -0.540186882019043 -0.3918073773384094 -0.74477219581604 
vn -0.5262318253517151 -0.26737937331199646 -0.8072104454040527 
vn -0.2553430497646332 -0.4578104615211487 -0.8515925407409668 
vn -0.24465356767177582 -0.36469724774360657 -0.8984100818634033 
vn 0.05707726255059242 -0.4733729958534241 -0.8790109753608704 
vn 0.06185375899076462 -0.43151962757110596 -0.8999805450439453 
vn 0.2723025977611542 -0.462726354598999 -0.8436443209648132 
vn 0.27614572644233704 -0.44825559854507446 -0.8501826524734497 
vn 0.3634311258792877 -0.4548574686050415 -0.8130329251289368 
vn 0.3634311258792877 -0.4548574686050415 -0.8130329251289368 
vn 0.27228543162345886 -0.475921630859375 -0.8362770676612854 
vn 0.05942802131175995 -0.525027871131897 -0.849007785320282 
vn 0.3634311258792877 -0.4548574686050415 -0.8130329251289368 
vn 0.27583739161491394 -0.49436816573143005 -0.8243263363838196 
vn 0.06959807872772217 -0.5656142234802246 -0.8217279314994812 
vn 0.2834639549255371 -0.5049288868904114 -0.8152883648872375 
vn 0.0893142893910408 -0.6026638746261597 -0.7929813861846924 
vn 0.2907770276069641 -0.5156725645065308 -0.8059346079826355 
vn 0.11791029572486877 -0.6408222317695618 -0.7585803866386414 
vn 0.3020990788936615 -0.5247423052787781 -0.795852780342102 
vn 0.15148556232452393 -0.6707214117050171 -0.7260751128196716 
vn 0.3140018880367279 -0.527592122554779 -0.789334774017334 
vn 0.1897292584180832 -0.6883958578109741 -0.7000814080238342 
vn 0.32494357228279114 -0.5363802313804626 -0.7789146304130554 
vn 0.23673370480537415 -0.7028605937957764 -0.6707788109779358 
vn 0.34086892008781433 -0.537652850151062 -0.7711924314498901 
vn 0.2839014232158661 -0.7068515419960022 -0.6478895545005798 
vn 0.3576149344444275 -0.5327555537223816 -0.7669961452484131 
vn 0.3634311258792877 -0.4548574686050415 -0.8130329251289368 
vn 0.3634311258792877 -0.4548574686050415 -0.8130329251289368 
vn 0.3634311258792877 -0.4548574686050415 -0.8130329251289368 
vn 0.3634311258792877 -0.4548574686050415 -0.8130329251289368 
vn 0.3634311258792877 -0.4548574686050415 -0.8130329251289368 
vn 0.3634311258792877 -0.4548574686050415 -0.8130329251289368 
vn 0.3634311258792877 -0.4548574686050415 -0.8130329251289368 
vn 0.3634311258792877 -0.4548574686050415 -0.8130329251289368 
vn 0.3701135218143463 -0.5287975072860718 -0.7637991905212402 
vn 0.33306020498275757 -0.7041302919387817 -0.6271135807037354 
vn 0.3634311258792877 -0.4548574686050415 -0.8130329251289368 
vn 0.3866729140281677 -0.5232636332511902 -0.7593940496444702 
vn 0.38646483421325684 -0.6896572709083557 -0.61238694190979 
vn 0.43215125799179077 -0.6708483099937439 -0.6026672124862671 
vn 0.39898768067359924 -0.5190893411636353 -0.7558803558349609 
vn 0.47854191064834595 -0.6452016830444336 -0.5955773591995239 
vn 0.4119643568992615 -0.5087339878082275 -0.7559597492218018 
vn 0.5209179520606995 -0.6144393086433411 -0.5925443172454834 
vn 0.4247695207595825 -0.4979362487792969 -0.756062388420105 
vn 0.5572249293327332 -0.5737227201461792 -0.6002854704856873 
vn 0.4338897466659546 -0.4821374714374542 -0.761106550693512 
vn 0.5885409712791443 -0.5269955396652222 -0.6131029725074768 
vn 0.44262152910232544 -0.46621397137641907 -0.765983521938324 
vn 0.6130974888801575 -0.48101651668548584 -0.6266854405403137 
vn 0.4470512270927429 -0.45177388191223145 -0.7720398902893066 
vn 0.3634311258792877 -0.4548574686050415 -0.8130329251289368 
vn 0.3634311258792877 -0.4548574686050415 -0.8130329251289368 
vn 0.3634311258792877 -0.4548574686050415 -0.8130329251289368 
vn 0.3634311258792877 -0.4548574686050415 -0.8130329251289368 
vn 0.3634311258792877 -0.4548574686050415 -0.8130329251289368 
vn 0.3634311258792877 -0.4548574686050415 -0.8130329251289368 
vn 0.3634311258792877 -0.4548574686050415 -0.8130329251289368 
vn 0.44725915789604187 -0.4386131763458252 -0.7794727683067322 
vn 0.6245396137237549 -0.43900439143180847 -0.6459299325942993 
vn 0.3634311258792877 -0.4548574686050415 -0.8130329251289368 
vn 0.4471796751022339 -0.4253968298435211 -0.7868087291717529 
vn 0.6337488889694214 -0.3898211121559143 -0.6681331992149353 
vn 0.629401445388794 -0.3386657238006592 -0.6993993520736694 
vn 0.44291552901268005 -0.41351643204689026 -0.7955061793327332 
vn 0.6186231374740601 -0.2953713834285736 -0.728053092956543 
vn 0.4383794069290161 -0.4017571210861206 -0.8039991855621338 
vn 0.5980203151702881 -0.2551453411579132 -0.7597845196723938 
vn 0.4296552538871765 -0.391314834356308 -0.8137991428375244 
vn 0.5724045634269714 -0.2232006937265396 -0.789008617401123 
vn 0.4206349551677704 -0.38081011176109314 -0.8234378695487976 
vn 0.5371701121330261 -0.19447749853134155 -0.8207476735115051 
vn 0.4073757529258728 -0.37162041664123535 -0.8342321515083313 
vn 0.4977036714553833 -0.17395281791687012 -0.8497243523597717 
vn 0.3947021961212158 -0.3691578507423401 -0.8413873910903931 
vn 0.3634311258792877 -0.4548574686050415 -0.8130329251289368 
vn 0.3634311258792877 -0.4548574686050415 -0.8130329251289368 
vn 0.3634311258792877 -0.4548574686050415 -0.8130329251289368 
vn 0.3634311258792877 -0.4548574686050415 -0.8130329251289368 
vn 0.3634311258792877 -0.4548574686050415 -0.8130329251289368 
vn 0.3634311258792877 -0.4548574686050415 -0.8130329251289368 
vn 0.3634311258792877 -0.4548574686050415 -0.8130329251289368 
vn 0.38189879059791565 -0.36662188172340393 -0.8483759760856628 
vn 0.4547041952610016 -0.16170050203800201 -0.8758407235145569 
vn 0.3634311258792877 -0.4548574686050415 -0.8130329251289368 
vn 0.36593353748321533 -0.37205129861831665 -0.8530360460281372 
vn 0.40463143587112427 -0.15863147377967834 -0.9006161093711853 
vn 0.35557821393013 -0.1617031991481781 -0.9205520749092102 
vn 0.3489007353782654 -0.3707176744937897 -0.8607186675071716 
vn 0.3040132224559784 -0.17208725214004517 -0.9369961619377136 
vn 0.33678263425827026 -0.3746660351753235 -0.8638303279876709 
vn 0.25747573375701904 -0.19448667764663696 -0.9465099573135376 
vn 0.3214868903160095 -0.38656774163246155 -0.8644140362739563 
vn 0.21007834374904633 -0.2160753458738327 -0.9535084962844849 
vn 0.31009823083877563 -0.3971543610095978 -0.8637751340866089 
vn 0.1681777834892273 -0.24949577450752258 -0.9536603093147278 
vn 0.2985430657863617 -0.4075784683227539 -0.8629900813102722 
vn 0.12852337956428528 -0.28883641958236694 -0.9487124085426331 
vn 0.2868395745754242 -0.4180259108543396 -0.8619613647460938 
vn 0.3634311258792877 -0.4548574686050415 -0.8130329251289368 
vn 0.3634311258792877 -0.4548574686050415 -0.8130329251289368 
vn 0.3634311258792877 -0.4548574686050415 -0.8130329251289368 
vn 0.3634311258792877 -0.4548574686050415 -0.8130329251289368 
vn 0.3634311258792877 -0.4548574686050415 -0.8130329251289368 
vn 0.3634311258792877 -0.4548574686050415 -0.8130329251289368 
vn 0.3634311258792877 -0.4548574686050415 -0.8130329251289368 
vn 0.09873390197753906 -0.33173248171806335 -0.9381924867630005 
vn -0.1697779893875122 -0.18494725227355957 -0.9679720401763916 
vn -0.43237796425819397 -0.017636140808463097 -0.9015198349952698 
vn -0.6447407603263855 0.1485636979341507 -0.7498251795768738 
vn -0.7621833682060242 0.2709745764732361 -0.5879192352294922 
vn -0.8192522525787354 0.3408108353614807 -0.4611653983592987 
vn -0.8687067031860352 0.429964154958725 -0.24592521786689758 
vn -0.8566743731498718 0.5129071474075317 0.05509234219789505 
vn -0.7619293332099915 0.5438351035118103 0.3517201244831085 
vn -0.7045071125030518 0.6278614401817322 0.33084678649902344 
vn -0.7790854573249817 0.6263332962989807 0.02705826796591282 
vn -0.7755535244941711 0.5654447674751282 -0.2806926965713501 
vn -0.7259511351585388 0.4778778553009033 -0.4945978820323944 
vn -0.6683394312858582 0.40958788990974426 -0.6209343671798706 
vn -0.5499723553657532 0.28435540199279785 -0.7852845788002014 
vn -0.350813090801239 0.09378952533006668 -0.9317367076873779 
vn -0.1159568578004837 -0.10239613801240921 -0.9879619479179382 
vn -0.0468386672437191 -0.029205096885561943 -0.9984752535820007 
vn 0.03138493373990059 0.03721221163868904 -0.9988142251968384 
vn 0.11839088797569275 0.08910872787237167 -0.9889604449272156 
vn 0.21597406268119812 0.12741394340991974 -0.9680498242378235 
vn 0.30909883975982666 0.15192721784114838 -0.9388160705566406 
vn 0.4062829613685608 0.1576390117406845 -0.9000465869903564 
vn 0.49736759066581726 0.14739152789115906 -0.8549275398254395 
vn 0.5823960900306702 0.11940838396549225 -0.8040873408317566 
vn 0.6595308184623718 0.08155372738838196 -0.747240424156189 
vn 0.722531795501709 0.03048948012292385 -0.6906651854515076 
vn 0.7741929888725281 -0.032248351722955704 -0.6321277618408203 
vn 0.8134447336196899 -0.10609101504087448 -0.5718852281570435 
vn 0.8365194797515869 -0.1922997236251831 -0.5130850672721863 
vn 0.8395998477935791 -0.27852702140808105 -0.46636372804641724 
vn 0.8302546143531799 -0.3712829649448395 -0.4157240092754364 
vn 0.8018767237663269 -0.4622805416584015 -0.3785373270511627 
vn 0.7606320381164551 -0.5472347736358643 -0.34924638271331787 
vn 0.7016260623931885 -0.6333326697349548 -0.32651248574256897 
vn 0.6293057203292847 -0.7091155052185059 -0.3180082142353058 
vn 0.5518313050270081 -0.7706800699234009 -0.31864431500434875 
vn 0.46606045961380005 -0.8211567401885986 -0.3293767273426056 
vn 0.37251922488212585 -0.8596776723861694 -0.34954753518104553 
vn 0.2747388184070587 -0.8852934241294861 -0.3751985430717468 
vn 0.1797114908695221 -0.8916063904762268 -0.41562214493751526 
vn 0.08753625303506851 -0.8822031617164612 -0.4626607596874237 
vn 0.005587403662502766 -0.857610821723938 -0.5142690539360046 
vn -0.07087211310863495 -0.8186179399490356 -0.5699491500854492 
vn -0.13338807225227356 -0.7661363482475281 -0.6286836266517639 
vn -0.18720270693302155 -0.6995157599449158 -0.6896616816520691 
vn -0.22863812744617462 -0.6286439895629883 -0.7433247566223145 
vn -0.251655638217926 -0.5450244545936584 -0.7997613549232483 
vn -0.5318287014961243 -0.5116720199584961 -0.6747967004776001 
vn -0.5009765625 -0.6258390545845032 -0.597786545753479 
vn -0.4468804597854614 -0.728839635848999 -0.5187401175498962 
vn -0.3761325776576996 -0.8186180591583252 -0.4340384006500244 
vn -0.28829053044319153 -0.8903845548629761 -0.3522844910621643 
vn -0.1841750591993332 -0.9438074827194214 -0.2744216322898865 
vn -0.06346520781517029 -0.9761567115783691 -0.20758172869682312 
vn 0.06318670511245728 -0.9873968958854675 -0.1451014131307602 
vn 0.19408482313156128 -0.9765645861625671 -0.09301713854074478 
vn 0.32256051898002625 -0.9452407360076904 -0.049738939851522446 
vn 0.4507052004337311 -0.892350971698761 -0.02395598404109478 
vn 0.5745989680290222 -0.8183690309524536 -0.010370798408985138 
vn 0.6832284927368164 -0.7301019430160522 -0.012224269099533558 
vn 0.7753056287765503 -0.6311788558959961 -0.02267282083630562 
vn 0.8566743731498718 -0.5129071474075317 -0.05509234219789505 
vn 0.9154253005981445 -0.39095139503479004 -0.09567470103502274 
vn 0.9516972899436951 -0.26920726895332336 -0.14764836430549622 
vn 0.9663351774215698 -0.14304374158382416 -0.21385812759399414 
vn 0.9591825604438782 -0.025355421006679535 -0.28164955973625183 
vn 0.9282508492469788 0.09243118017911911 -0.3602880835533142 
vn 0.8755989074707031 0.19467154145240784 -0.44207480549812317 
vn 0.8044928908348083 0.28129851818084717 -0.5231278538703918 
vn 0.7118768692016602 0.3572109043598175 -0.6046751141548157 
vn 0.607791006565094 0.41137659549713135 -0.6792344450950623 
vn 0.4917078912258148 0.4421883523464203 -0.7501283884048462 
vn 0.3665435016155243 0.4519661068916321 -0.813247799873352 
vn 0.23523688316345215 0.443674772977829 -0.8647633194923401 
vn 0.10155967622995377 0.41127127408981323 -0.9058370590209961 
vn -0.026247000321745872 0.36117106676101685 -0.9321296215057373 
vn -0.14812323451042175 0.28683435916900635 -0.9464590549468994 
vn -0.25212720036506653 0.1959248036146164 -0.9476522207260132 
vn -0.4412800967693329 0.404435932636261 -0.8010634183883667 
vn -0.5529499650001526 0.536406397819519 -0.6375842094421387 
vn -0.6071325540542603 0.6076776385307312 -0.5119737386703491 
vn -0.6626989841461182 0.6866477131843567 -0.2989049553871155 
vn -0.6873205304145813 0.7262730002403259 0.010836366564035416 
vn -0.6362825632095337 0.7019087076187134 0.32010701298713684 
vn -0.5576462745666504 0.7664681673049927 0.3186798691749573 
vn -0.5745989680290222 0.8183690309524536 0.010370798408985138 
vn -0.5356490612030029 0.7890489101409912 -0.3008005917072296 
vn -0.47126054763793945 0.7156574130058289 -0.5155065059661865 
vn -0.41582658886909485 0.6438814997673035 -0.6422644853591919 
vn -0.3120322823524475 0.5078291296958923 -0.8029597997665405 
vn -0.16613225638866425 0.5923088788986206 -0.7883965969085693 
vn -0.02066253311932087 0.6558780670166016 -0.7545833587646484 
vn 0.13618208467960358 0.6945641040802002 -0.7064235806465149 
vn 0.28639984130859375 0.7095387578010559 -0.6438394784927368 
vn 0.4391731917858124 0.6917180418968201 -0.5732824802398682 
vn 0.577236533164978 0.6531850099563599 -0.4900483787059784 
vn 0.6979343295097351 0.5943235158920288 -0.39958420395851135 
vn 0.8061590194702148 0.5069388151168823 -0.30515801906585693 
vn 0.890480101108551 0.4042937457561493 -0.20878838002681732 
vn 0.9533023834228516 0.2802894711494446 -0.112486332654953 
vn 0.9881037473678589 0.15220600366592407 -0.022028442472219467 
vn 0.998227059841156 0.007532138843089342 0.05904840677976608 
vn 0.9799495935440063 -0.14444325864315033 0.13724172115325928 
vn 0.9365518689155579 -0.2893994450569153 0.19778434932231903 
vn 0.8691449165344238 -0.42937684059143066 0.24540254473686218 
vn 0.7778418660163879 -0.5633729100227356 0.27851831912994385 
vn 0.6626989841461182 -0.6866477131843567 0.2989049553871155 
vn 0.5324150919914246 -0.7920762300491333 0.29857754707336426 
vn 0.3954429030418396 -0.8741399645805359 0.28196316957473755 
vn 0.2452355921268463 -0.936674177646637 0.2500000596046448 
vn 0.08877026289701462 -0.9749330282211304 0.20402146875858307 
vn -0.06660335510969162 -0.987603485584259 0.14213670790195465 
vn -0.21296487748622894 -0.974686324596405 0.06806188821792603 
vn -0.3499290943145752 -0.9366347193717957 -0.01628626510500908 
vn -0.4728047549724579 -0.8747051954269409 -0.10652255266904831 
vn -0.5807474255561829 -0.7894517779350281 -0.19874374568462372 
vn -0.6674501299858093 -0.6834622025489807 -0.2956191599369049 
vn -0.7286621928215027 -0.5614164471626282 -0.3922549784183502 
vn -0.7644848823547363 -0.4290306270122528 -0.4811408519744873 
vn -0.8899807333946228 -0.3390820622444153 -0.3048911392688751 
vn -0.8505611419677734 -0.48287785053253174 -0.20826832950115204 
vn -0.7862924933433533 -0.6084667444229126 -0.10730026662349701 
vn -0.7003356218338013 -0.7137842774391174 -0.006541196722537279 
vn -0.5881228446960449 -0.8034528493881226 0.0926043763756752 
vn -0.45886486768722534 -0.8688035607337952 0.1860743910074234 
vn -0.30927354097366333 -0.9108712077140808 0.27324575185775757 
vn -0.15508724749088287 -0.9247779250144958 0.34746673703193665 
vn 0.006399631034582853 -0.911342203617096 0.411598801612854 
vn 0.16494566202163696 -0.8707648515701294 0.4632067382335663 
vn 0.3237018585205078 -0.8061556220054626 0.495307058095932 
vn 0.4726223051548004 -0.7153279185295105 0.5147164463996887 
vn 0.6082457304000854 -0.6072039008140564 0.5112138986587524 
vn 0.724205493927002 -0.4790448546409607 0.4960259795188904 
vn 0.8198361396789551 -0.3402104377746582 0.4605705440044403 
vn 0.8926643133163452 -0.1912471204996109 0.4081360399723053 
vn 0.9390013813972473 -0.03888634964823723 0.34170860052108765 
vn 0.9575920701026917 0.11915367096662521 0.26233673095703125 
vn 0.947083592414856 0.26919734477996826 0.1748323291540146 
vn 0.9086974859237671 0.4099375605583191 0.07887387275695801 
vn 0.8438676595687866 0.5361549854278564 -0.020642494782805443 
vn 0.7551804184913635 0.6443507671356201 -0.12048008292913437 
vn 0.6439989805221558 0.7334267497062683 -0.2176029086112976 
vn 0.511381983757019 0.8007035255432129 -0.31202948093414307 
vn 0.36775147914886475 0.83955317735672 -0.3998863697052002 
vn 0.21047423779964447 0.8538398742675781 -0.4760856330394745 
vn 0.05234687030315399 0.8387017250061035 -0.5420685410499573 
vn -0.11092381179332733 0.798820972442627 -0.5912528038024902 
vn -0.26995304226875305 0.7325509190559387 -0.6248946785926819 
vn -0.32508033514022827 0.8035893440246582 -0.4985637068748474 
vn -0.3954429030418396 0.8741399645805359 -0.28196316957473755 
vn -0.45764899253845215 0.8888129591941833 0.02383631467819214 
vn -0.4708099365234375 0.8190168142318726 0.3279469311237335 
vn -0.37523961067199707 0.8598813414573669 0.34612008929252625 
vn -0.3271332383155823 0.9437801837921143 0.047562409192323685 
vn -0.24189794063568115 0.9370829463005066 -0.2517140507698059 
vn -0.16494566202163696 0.8707648515701294 -0.4632067382335663 
vn -0.006399631034582853 0.911342203617096 -0.411598801612854 
vn 0.1565116047859192 0.9243824481964111 -0.3478803038597107 
vn 0.31270071864128113 0.909475564956665 -0.2739931643009186 
vn 0.45663025975227356 0.8700447082519531 -0.18577174842357635 
vn 0.5858989953994751 0.8050851225852966 -0.09252466261386871 
vn 0.695525586605072 0.7184762358665466 0.006065845489501953 
vn 0.788835346698761 0.6050264239311218 0.10808692127466202 
vn 0.8508241176605225 0.48233404755592346 0.20845456421375275 
vn 0.8892223238945007 0.3424244225025177 0.303364634513855 
vn 0.9008013606071472 0.19189484417438507 0.38953059911727905 
vn 0.8818721175193787 0.03599715605378151 0.47011303901672363 
vn 0.8364293575286865 -0.11934952437877655 0.534922182559967 
vn 0.7652527093887329 -0.2683897912502289 0.5851110219955444 
vn 0.6693419814109802 -0.4090670049190521 0.6201974749565125 
vn 0.552161455154419 -0.5332615971565247 0.6408969163894653 
vn 0.41402560472488403 -0.6441128849983215 0.643195390701294 
vn 0.26478174328804016 -0.7324966192245483 0.6271668076515198 
vn 0.11092381179332733 -0.798820972442627 0.5912528038024902 
vn -0.05234687030315399 -0.8387017250061035 0.5420685410499573 
vn -0.21047423779964447 -0.8538398742675781 0.4760856330394745 
vn -0.3710751235485077 -0.8378392457962036 0.4004102349281311 
vn -0.5136176347732544 -0.7992082834243774 0.3121908903121948 
vn -0.6433216333389282 -0.7340133786201477 0.21762852370738983 
vn -0.7571949362754822 -0.6420540809631348 0.12009606510400772 
vn -0.8436136245727539 -0.5365505218505859 0.02074998989701271 
vn -0.9086080193519592 -0.41015106439590454 -0.07879462093114853 
vn -0.9470876455307007 -0.26917698979377747 -0.17484186589717865 
vn -0.9888349175453186 -0.14701347053050995 0.024360498413443565 
vn -0.9521069526672363 -0.28376373648643494 0.1138918399810791 
vn -0.890480101108551 -0.4042937457561493 0.20878838002681732 
vn -0.805840015411377 -0.507382333278656 0.30526337027549744 
vn -0.6979343295097351 -0.5943235158920288 0.39958420395851135 
vn -0.5736806988716125 -0.6562259197235107 0.4901612401008606 
vn -0.43294328451156616 -0.6959669589996338 0.5728785395622253 
vn -0.2846825122833252 -0.7072328925132751 0.6471297144889832 
vn -0.13101078569889069 -0.6932858228683472 0.7086536884307861 
vn 0.019259659573435783 -0.6554661989212036 0.7549782395362854 
vn 0.16810011863708496 -0.5926592946052551 0.7877158522605896 
vn 0.3138245940208435 -0.5079124569892883 0.8022082448005676 
vn 0.4394933879375458 -0.4046112298965454 0.8019566535949707 
vn 0.5512818694114685 -0.2839905023574829 0.7844979763031006 
vn 0.6457093954086304 -0.1480308622121811 0.7490967512130737 
vn 0.7155237793922424 -0.003991481848061085 0.6985770463943481 
vn 0.7585291266441345 0.14107176661491394 0.6361861228942871 
vn 0.7743551731109619 0.28858649730682373 0.563109815120697 
vn 0.7635488510131836 0.4321965277194977 0.4797918200492859 
vn 0.7298871278762817 0.5627670884132385 0.38801923394203186 
vn 0.6653653979301453 0.6856075525283813 0.2953507900238037 
vn 0.5815739631652832 0.7888514399528503 0.1987105906009674 
vn 0.4702165722846985 0.8765705823898315 0.10257132351398468 
vn 0.3460428714752197 0.9381322264671326 0.012746699154376984 
vn 0.2110956609249115 0.9748058319091797 -0.0720561221241951 
vn 0.06473437696695328 0.9871534109115601 -0.1460723876953125 
vn -0.0922188088297844 0.9749330282211304 -0.2024860829114914 
vn -0.19395317137241364 0.9770667552947998 0.08787601441144943 
vn -0.2810904085636139 0.8834800720214844 0.37476786971092224 
vn -0.1884905993938446 0.8916734457015991 0.411569744348526 
vn -0.06646707653999329 0.9876452088356018 0.14191113412380219 
vn 0.06179163604974747 0.9770914316177368 0.20365187525749207 
vn 0.1753905862569809 0.9457429051399231 0.2735118269920349 
vn 0.2864360511302948 0.8923776745796204 0.34873610734939575 
vn 0.37568289041519165 0.8208053708076477 0.4302806854248047 
vn 0.4496699571609497 0.7300075888633728 0.514671266078949 
vn 0.5004403591156006 0.6295966506004333 0.5942795872688293 
vn 0.5340349674224854 0.5139060020446777 0.6713477969169617 
vn 0.5402213931083679 0.3921153247356415 0.7445850968360901 
vn 0.5291207432746887 0.2700795829296112 0.80441814661026 
vn 0.48723387718200684 0.14225009083747864 0.8616078495979309 
vn 0.43225327134132385 0.022006360813975334 0.9014835953712463 
vn 0.35297656059265137 -0.08962622284889221 0.9313292503356934 
vn 0.2597474753856659 -0.19322820007801056 0.9461466073989868 
vn 0.15104104578495026 -0.28331881761550903 0.9470566511154175 
vn 0.02934461645781994 -0.35800856351852417 0.9332566261291504 
vn -0.09511709213256836 -0.4102506637573242 0.9069985151290894 
vn -0.2289905995130539 -0.44328439235687256 0.8666381239891052 
vn -0.3613760769367218 -0.45154809951782227 0.8157886862754822 
vn -0.48684215545654297 -0.44228801131248474 0.7532368898391724 
vn -0.6033345460891724 -0.411925345659256 0.6828652024269104 
vn -0.7118768692016602 -0.3572109043598175 0.6046751141548157 
vn -0.8009472489356995 -0.28766733407974243 0.5251014232635498 
vn -0.8742349743843079 -0.19797037541866302 0.44330745935440063 
vn -0.9273393750190735 -0.09578892588615417 0.36175504326820374 
vn -0.9579126834869385 0.015379088930785656 0.2866484224796295 
vn -0.8331982493400574 0.18412832915782928 0.5214190483093262 
vn -0.8096507787704468 0.10129832476377487 0.5781043767929077 
vn -0.7721341848373413 0.025552500039339066 0.6349457502365112 
vn -0.719923734664917 -0.03688741475343704 0.6930724382400513 
vn -0.6534130573272705 -0.08606696873903275 0.7520930767059326 
vn -0.5757874250411987 -0.12329040467739105 0.8082501888275146 
vn -0.49235019087791443 -0.14785908162593842 0.8577463626861572 
vn -0.3968667685985565 -0.15654200315475464 0.9044286012649536 
vn -0.30125075578689575 -0.1482292115688324 0.9419531226158142 
vn -0.21053972840309143 -0.12085936218500137 0.9700853824615479 
vn -0.11422022432088852 -0.08700523525476456 0.9896379709243774 
vn -0.027913682162761688 -0.03439975902438164 0.9990180134773254 
vn 0.050254661589860916 0.03209496662020683 0.9982203841209412 
vn 0.11902536451816559 0.1108350157737732 0.9866855144500732 
vn 0.17577505111694336 0.1910310834646225 0.9657174348831177 
vn 0.21829931437969208 0.27895495295524597 0.9351628422737122 
vn 0.2462441474199295 0.36889681220054626 0.8962584733963013 
vn 0.2546636462211609 0.46424782276153564 0.8483046293258667 
vn 0.25116395950317383 0.5506060123443604 0.7960842251777649 
vn 0.22645017504692078 0.6318705677986145 0.7412558794021606 
vn 0.1836501657962799 0.7057030200958252 0.6842924952507019 
vn 0.1339704543352127 0.7697222828865051 0.6241633892059326 
vn 0.06826965510845184 0.8238368034362793 0.5627010464668274 
vn -0.010039914399385452 0.8614735007286072 0.507703423500061 
vn -0.09765679389238358 0.8826855421066284 0.4597058892250061 
vn -0.3624055087566376 -0.4539905786514282 -0.8139749765396118 
vn -0.27305153012275696 -0.4518946409225464 -0.8492552042007446 
vn -0.2797242999076843 -0.4316830337047577 -0.8575571775436401 
vn -0.07843226194381714 -0.3781282305717468 -0.9224247932434082 
vn -0.10122192651033401 -0.3328525125980377 -0.9375304579734802 
vn -0.2867572009563446 -0.41877615451812744 -0.8616247177124023 
vn -0.13112281262874603 -0.2904650568962097 -0.9478591084480286 
vn -0.2956579327583313 -0.40670546889305115 -0.8643941879272461 
vn -0.16726136207580566 -0.2522042691707611 -0.9531089663505554 
vn -0.3062017560005188 -0.39577579498291016 -0.8657957315444946 
vn -0.20858167111873627 -0.21918800473213196 -0.9531266093254089 
vn -0.31812241673469543 -0.3862631022930145 -0.8657939434051514 
vn -0.25387653708457947 -0.1923809051513672 -0.9479115009307861 
vn -0.3379189670085907 -0.3751649558544159 -0.8631699085235596 
vn -0.3088074028491974 -0.17034272849559784 -0.9357463717460632 
vn -0.3519078195095062 -0.3701525628566742 -0.8597372770309448 
vn -0.3624055087566376 -0.4539905786514282 -0.8139749765396118 
vn -0.06341966986656189 -0.4249694049358368 -0.9029834270477295 
vn -0.3624055087566376 -0.4539905786514282 -0.8139749765396118 
vn -0.3624055087566376 -0.4539905786514282 -0.8139749765396118 
vn -0.3624055087566376 -0.4539905786514282 -0.8139749765396118 
vn -0.3624055087566376 -0.4539905786514282 -0.8139749765396118 
vn -0.3624055087566376 -0.4539905786514282 -0.8139749765396118 
vn -0.3624055087566376 -0.4539905786514282 -0.8139749765396118 
vn -0.3661194443702698 -0.36720407009124756 -0.8550543785095215 
vn -0.3580654561519623 -0.15921537578105927 -0.9200215339660645 
vn -0.3624055087566376 -0.4539905786514282 -0.8139749765396118 
vn -0.38019508123397827 -0.3663939833641052 -0.8492392897605896 
vn -0.4069306254386902 -0.15604938566684723 -0.9000311493873596 
vn -0.45397529006004333 -0.16093723475933075 -0.8763593435287476 
vn -0.39377927780151367 -0.36774274706840515 -0.8424389958381653 
vn -0.49782493710517883 -0.1737360954284668 -0.8496977686882019 
vn -0.4124894142150879 -0.37372446060180664 -0.8307723999023438 
vn -0.5371984243392944 -0.19407205283641815 -0.8208252787590027 
vn -0.4233928322792053 -0.3802044987678528 -0.8223037123680115 
vn -0.5709454417228699 -0.22135098278522491 -0.790585458278656 
vn -0.4327141046524048 -0.38849467039108276 -0.8135298490524292 
vn -0.6013676524162292 -0.2599976360797882 -0.7554856538772583 
vn -0.44021788239479065 -0.3983856439590454 -0.8046723008155823 
vn -0.6199866533279419 -0.29924145340919495 -0.7253079414367676 
vn -0.44571468234062195 -0.4096277058124542 -0.7959547638893127 
vn -0.3624055087566376 -0.4539905786514282 -0.8139749765396118 
vn -0.3624055087566376 -0.4539905786514282 -0.8139749765396118 
vn -0.3624055087566376 -0.4539905786514282 -0.8139749765396118 
vn -0.3624055087566376 -0.4539905786514282 -0.8139749765396118 
vn -0.3624055087566376 -0.4539905786514282 -0.8139749765396118 
vn -0.3624055087566376 -0.4539905786514282 -0.8139749765396118 
vn -0.3624055087566376 -0.4539905786514282 -0.8139749765396118 
vn -0.44906577467918396 -0.421936959028244 -0.7875973582267761 
vn -0.6305603981018066 -0.34235554933547974 -0.6965535283088684 
vn -0.3624055087566376 -0.4539905786514282 -0.8139749765396118 
vn -0.4498994052410126 -0.4417165517807007 -0.7761942148208618 
vn -0.6327798962593079 -0.3880802392959595 -0.6700626611709595 
vn -0.6265802979469299 -0.4350796341896057 -0.6466092467308044 
vn -0.4476393461227417 -0.45529457926750183 -0.7696273922920227 
vn -0.61214280128479 -0.481980562210083 -0.626878559589386 
vn -0.4431849718093872 -0.46878674626350403 -0.7640854120254517 
vn -0.5898891687393188 -0.5274127125740051 -0.6114469766616821 
vn -0.43664872646331787 -0.4818524420261383 -0.7597082257270813 
vn -0.5604695677757263 -0.5700487494468689 -0.6007654070854187 
vn -0.42819565534591675 -0.4941616952419281 -0.75660640001297 
vn -0.5191838145256042 -0.6137590408325195 -0.5947678089141846 
vn -0.4124007821083069 -0.5105345845222473 -0.7545068264007568 
vn -0.47753798961639404 -0.646361768245697 -0.5951257348060608 
vn -0.40018171072006226 -0.5196539759635925 -0.7548608183860779 
vn -0.3624055087566376 -0.4539905786514282 -0.8139749765396118 
vn -0.3624055087566376 -0.4539905786514282 -0.8139749765396118 
vn -0.3624055087566376 -0.4539905786514282 -0.8139749765396118 
vn -0.3624055087566376 -0.4539905786514282 -0.8139749765396118 
vn -0.3624055087566376 -0.4539905786514282 -0.8139749765396118 
vn -0.3624055087566376 -0.4539905786514282 -0.8139749765396118 
vn -0.3624055087566376 -0.4539905786514282 -0.8139749765396118 
vn -0.3869665861129761 -0.5270625352859497 -0.7566124796867371 
vn -0.4320087134838104 -0.6726930737495422 -0.6007105112075806 
vn -0.3624055087566376 -0.4539905786514282 -0.8139749765396118 
vn -0.373089075088501 -0.5325731039047241 -0.7597176432609558 
vn -0.3839262127876282 -0.691983699798584 -0.6113590002059937 
vn -0.33469530940055847 -0.7036699652671814 -0.6267600655555725 
vn -0.3588995337486267 -0.5360466241836548 -0.7640979290008545 
vn -0.28575435280799866 -0.7074105143547058 -0.6464637517929077 
vn -0.33781394362449646 -0.537260115146637 -0.7728089690208435 
vn -0.23853321373462677 -0.7030959725379944 -0.6698943376541138 
vn -0.32440686225891113 -0.5353748798370361 -0.7798296809196472 
vn -0.1884380578994751 -0.688474178314209 -0.7003533840179443 
vn -0.31191694736480713 -0.5313818454742432 -0.7876176834106445 
vn -0.1494300663471222 -0.667620062828064 -0.7293521165847778 
vn -0.3006596267223358 -0.5253817439079285 -0.7959762215614319 
vn -0.11612484604120255 -0.6398734450340271 -0.7596560716629028 
vn -0.29091909527778625 -0.5175262093544006 -0.804694414138794 
vn -0.3624055087566376 -0.4539905786514282 -0.8139749765396118 
vn -0.3624055087566376 -0.4539905786514282 -0.8139749765396118 
vn -0.3624055087566376 -0.4539905786514282 -0.8139749765396118 
vn -0.3624055087566376 -0.4539905786514282 -0.8139749765396118 
vn -0.3624055087566376 -0.4539905786514282 -0.8139749765396118 
vn -0.3624055087566376 -0.4539905786514282 -0.8139749765396118 
vn -0.3624055087566376 -0.4539905786514282 -0.8139749765396118 
vn -0.27967825531959534 -0.5027092695236206 -0.817963182926178 
vn -0.08949543535709381 -0.6060450077056885 -0.7903798818588257 
vn -0.3624055087566376 -0.4539905786514282 -0.8139749765396118 
vn -0.2747069299221039 -0.4911726117134094 -0.8266111016273499 
vn -0.07031986117362976 -0.5671230554580688 -0.820625901222229 
vn -0.05915839597582817 -0.5242447257041931 -0.8495104312896729 
vn -0.2719076871871948 -0.4786442518234253 -0.8348450064659119 
vn -0.05633709579706192 -0.47866290807724 -0.8761895298957825 
vn -0.2713511884212494 -0.46544045209884644 -0.842457115650177 
vn -0.06341966986656189 -0.4249694049358368 -0.9029834270477295 
vn -0.27305153012275696 -0.4518946409225464 -0.8492552042007446 
vn -0.3624055087566376 -0.4539905786514282 -0.8139749765396118 
vn -0.3624055087566376 -0.4539905786514282 -0.8139749765396118 
vn -0.3624055087566376 -0.4539905786514282 -0.8139749765396118 
vn 0.24460838735103607 -0.3670525550842285 -0.8974626660346985 
vn 0.25519296526908875 -0.45423200726509094 -0.8535513281822205 
vn 0.5271450877189636 -0.26636701822280884 -0.8069490194320679 
vn 0.24952667951583862 -0.5453352332115173 -0.8002161979675293 
vn 0.22857490181922913 -0.6248394250869751 -0.7465448975563049 
vn 0.18979990482330322 -0.7023748755455017 -0.6860361695289612 
vn 0.13980837166309357 -0.7647305130958557 -0.6290000081062317 
vn 0.07254482060670853 -0.8194594383239746 -0.5685275793075562 
vn -0.006515799555927515 -0.8595882654190063 -0.5109459161758423 
vn -0.08826717734336853 -0.8826378583908081 -0.46169209480285645 
vn -0.1826118379831314 -0.891400158405304 -0.4148000180721283 
vn -0.27347463369369507 -0.8843821287155151 -0.378259539604187 
vn -0.3718618154525757 -0.8607337474822998 -0.34764450788497925 
vn -0.4677041172981262 -0.8211533427238464 -0.32704851031303406 
vn -0.5517157316207886 -0.7712432742118835 -0.3174811899662018 
vn -0.6340730786323547 -0.7049580216407776 -0.31778356432914734 
vn -0.7007433176040649 -0.6335917711257935 -0.32790419459342957 
vn -0.7598024010658264 -0.5484999418258667 -0.34906890988349915 
vn -0.8011873364448547 -0.4641810357570648 -0.3776715397834778 
vn -0.8299110531806946 -0.3704216182231903 -0.4171766936779022 
vn -0.8413076996803284 -0.2765534818172455 -0.4644570052623749 
vn -0.8360451459884644 -0.19194190204143524 -0.51399165391922 
vn -0.8134859204292297 -0.10633792728185654 -0.5717808604240417 
vn -0.7774738669395447 -0.034327369183301926 -0.6279779076576233 
vn -0.7236468195915222 0.03281235694885254 -0.6893900632858276 
vn -0.6559221148490906 0.08704763650894165 -0.7497924566268921 
vn -0.5824950337409973 0.12431702762842178 -0.8032711148262024 
vn -0.4944714307785034 0.1491350680589676 -0.856303870677948 
vn -0.4068494141101837 0.15727296471595764 -0.8998546004295349 
vn -0.30901533365249634 0.1497165709733963 -0.9391985535621643 
vn -0.21763885021209717 0.12775325775146484 -0.9676321148872375 
vn -0.12165161222219467 0.08872281759977341 -0.9885993599891663 
vn -0.031194334849715233 0.03498348966240883 -0.9989007115364075 
vn 0.045294489711523056 -0.0265785064548254 -0.9986198544502258 
vn 0.1170799508690834 -0.1034202128648758 -0.9877227544784546 
vn 0.1719306856393814 -0.18244874477386475 -0.9680661559104919 
vn 0.21649077534675598 -0.27323684096336365 -0.9372690320014954 
vn 0.24460838735103607 -0.3670525550842285 -0.8974626660346985 
vn 0.4892241060733795 -0.13923591375350952 -0.8609721660614014 
vn 0.5271450877189636 -0.26636701822280884 -0.8069490194320679 
vn 0.7142188549041748 0.007696703542023897 -0.6998802423477173 
vn 0.7579386830329895 -0.13953562080860138 -0.6372275352478027 
vn 0.8375254273414612 0.11922162026166916 -0.5332334041595459 
vn 0.8831921815872192 -0.03467993810772896 -0.4677278399467468 
vn 0.8928936123847961 0.1885821670293808 -0.4088745713233948 
vn 0.9385603666305542 0.03468061983585358 -0.3433689773082733 
vn 0.9369926452636719 0.2867686152458191 -0.19952283799648285 
vn 0.9807124733924866 0.1395362764596939 -0.1368701457977295 
vn 0.917112410068512 0.38669538497924805 0.09681171923875809 
vn 0.9524093270301819 0.2663675546646118 0.14820869266986847 
vn 0.8052037954330444 0.4538806080818176 0.3816283047199249 
vn 0.830620288848877 0.36705294251441956 0.41873979568481445 
vn 0.6135773658752441 0.47830405831336975 0.6282903552055359 
vn 0.6286026835441589 0.4250216484069824 0.6513186097145081 
vn 0.4446217119693756 0.4651087820529938 0.7654971480369568 
vn 0.44841328263282776 0.45189470052719116 0.7711790800094604 
vn 0.3624055087566376 0.4539905786514282 0.8139749765396118 
vn 0.3624055087566376 0.4539905786514282 0.8139749765396118 
vn 0.43881508708000183 0.47800543904304504 0.7608893513679504 
vn 0.592117428779602 0.5235581994056702 0.6126046776771545 
vn 0.3624055087566376 0.4539905786514282 0.8139749765396118 
vn 0.43113288283348083 0.49027490615844727 0.7574664354324341 
vn 0.5635374188423157 0.5661700367927551 0.6015628576278687 
vn 0.4165078103542328 0.5068643093109131 0.7547253370285034 
vn 0.5286595821380615 0.6049136519432068 0.5954824090003967 
vn 0.40503138303756714 0.5163266658782959 0.7545573711395264 
vn 0.4884871542453766 0.6386744976043701 0.5945383906364441 
vn 0.3924909234046936 0.5242413878440857 0.7557263374328613 
vn 0.43758103251457214 0.6699187755584717 0.5997769832611084 
vn 0.37918758392333984 0.5304182767868042 0.7582042217254639 
vn 0.3901059329509735 0.689952552318573 0.6097404956817627 
vn 0.35850438475608826 0.5361130237579346 0.7642368078231812 
vn 0.34132227301597595 0.7025572061538696 0.6244301795959473 
vn 0.34471309185028076 0.5373961925506592 0.7696614265441895 
vn 0.29263344407081604 0.7073700428009033 0.6434235572814941 
vn 0.3313066065311432 0.5366255044937134 0.7760602235794067 
vn 0.3624055087566376 0.4539905786514282 0.8139749765396118 
vn 0.3624055087566376 0.4539905786514282 0.8139749765396118 
vn 0.3624055087566376 0.4539905786514282 0.8139749765396118 
vn 0.3624055087566376 0.4539905786514282 0.8139749765396118 
vn 0.3624055087566376 0.4539905786514282 0.8139749765396118 
vn 0.3624055087566376 0.4539905786514282 0.8139749765396118 
vn 0.3624055087566376 0.4539905786514282 0.8139749765396118 
vn 0.3624055087566376 0.4539905786514282 0.8139749765396118 
vn 0.3186069130897522 0.5338196158409119 0.7832794189453125 
vn 0.24544017016887665 0.7042526006698608 0.666174054145813 
vn 0.3624055087566376 0.4539905786514282 0.8139749765396118 
vn 0.3015435039997101 0.5259550213813782 0.7952629923820496 
vn 0.1950743943452835 0.6911047697067261 0.6959314942359924 
vn 0.15555055439472198 0.6715849041938782 0.7244157195091248 
vn 0.291890412569046 0.5184585452079773 0.8037419319152832 
vn 0.12146586924791336 0.6451642513275146 0.7543271780014038 
vn 0.2838909327983856 0.5093631148338318 0.8123764395713806 
vn 0.09380090981721878 0.6126028895378113 0.7848052978515625 
vn 0.27773723006248474 0.498887300491333 0.8209590911865234 
vn 0.07335153222084045 0.5748375654220581 0.8149733543395996 
vn 0.27227774262428284 0.48114335536956787 0.8332864046096802 
vn 0.05956066772341728 0.5267043709754944 0.8479594588279724 
vn 0.2712796628475189 0.46837490797042847 0.8408523201942444 
vn 0.056265730410814285 0.4815964698791504 0.8745851516723633 
vn 0.27243027091026306 0.4552105963230133 0.8476823568344116 
vn 0.3624055087566376 0.4539905786514282 0.8139749765396118 
vn 0.3624055087566376 0.4539905786514282 0.8139749765396118 
vn 0.3624055087566376 0.4539905786514282 0.8139749765396118 
vn 0.3624055087566376 0.4539905786514282 0.8139749765396118 
vn 0.3624055087566376 0.4539905786514282 0.8139749765396118 
vn 0.3624055087566376 0.4539905786514282 0.8139749765396118 
vn 0.3624055087566376 0.4539905786514282 0.8139749765396118 
vn 0.2757019102573395 0.4419666528701782 0.8536124229431152 
vn 0.06126615032553673 0.43505340814590454 0.8983179926872253 
vn 0.3624055087566376 0.4539905786514282 0.8139749765396118 
vn 0.28440091013908386 0.4226458966732025 0.8605154156684875 
vn 0.07441814243793488 0.3884141445159912 0.9184750914573669 
vn 0.09534333646297455 0.34302037954330444 0.9344767332077026 
vn 0.2925248444080353 0.41058000922203064 0.863628089427948 
vn 0.1234397143125534 0.30017808079719543 0.9458624720573425 
vn 0.30228713154792786 0.399506539106369 0.8654578328132629 
vn 0.1632855087518692 0.25591591000556946 0.9528089761734009 
vn 0.3134533166885376 0.38969141244888306 0.8659606575965881 
vn 0.203793466091156 0.22255001962184906 0.9533832669258118 
vn 0.33224043250083923 0.3778342604637146 0.8642093539237976 
vn 0.24835273623466492 0.19520124793052673 0.948797881603241 
vn 0.34568509459495544 0.37211671471595764 0.8614123463630676 
vn 0.2956813871860504 0.17465639114379883 0.9391845464706421 
vn 0.3594911992549896 0.3683154284954071 0.8573855757713318 
vn 0.3624055087566376 0.4539905786514282 0.8139749765396118 
vn 0.3624055087566376 0.4539905786514282 0.8139749765396118 
vn 0.3624055087566376 0.4539905786514282 0.8139749765396118 
vn 0.3624055087566376 0.4539905786514282 0.8139749765396118 
vn 0.3624055087566376 0.4539905786514282 0.8139749765396118 
vn 0.3624055087566376 0.4539905786514282 0.8139749765396118 
vn 0.3624055087566376 0.4539905786514282 0.8139749765396118 
vn 0.3733271360397339 0.36652177572250366 0.8522258400917053 
vn 0.34441789984703064 0.16150645911693573 0.9248199462890625 
vn 0.3624055087566376 0.4539905786514282 0.8139749765396118 
vn 0.39341166615486145 0.3676762878894806 0.8426397442817688 
vn 0.400041788816452 0.15600812435150146 0.903121292591095 
vn 0.44707557559013367 0.1596912443637848 0.8801262378692627 
vn 0.405886173248291 0.3709823787212372 0.8352417945861816 
vn 0.4911618232727051 0.17119985818862915 0.8540789484977722 
vn 0.4172760546207428 0.37623199820518494 0.8272427320480347 
vn 0.5310323238372803 0.19020283222198486 0.8257285952568054 
vn 0.42730772495269775 0.3832990527153015 0.8188347220420837 
vn 0.565540075302124 0.21615353226661682 0.7958909273147583 
vn 0.43929189443588257 0.39692506194114685 0.8058992028236389 
vn 0.5971455574035645 0.2533528208732605 0.7610715627670288 
vn 0.44495928287506104 0.4077078104019165 0.7973619103431702 
vn 0.6170544624328613 0.2914498746395111 0.7309591770172119 
vn 0.44860348105430603 0.4195519685745239 0.7891333699226379 
vn 0.3624055087566376 0.4539905786514282 0.8139749765396118 
vn 0.3624055087566376 0.4539905786514282 0.8139749765396118 
vn 0.3624055087566376 0.4539905786514282 0.8139749765396118 
vn 0.3624055087566376 0.4539905786514282 0.8139749765396118 
vn 0.3624055087566376 0.4539905786514282 0.8139749765396118 
vn 0.3624055087566376 0.4539905786514282 0.8139749765396118 
vn 0.3624055087566376 0.4539905786514282 0.8139749765396118 
vn 0.45013701915740967 0.4321729838848114 0.7814112901687622 
vn 0.6291258335113525 0.33358195424079895 0.7020856738090515 
vn 0.3624055087566376 0.4539905786514282 0.8139749765396118 
vn 0.44841328263282776 0.45189470052719116 0.7711790800094604 
vn 0.633012592792511 0.37853696942329407 0.675281822681427 
vn 0.6286026835441589 0.4250216484069824 0.6513186097145081 
vn 0.8413798809051514 0.2736152708530426 0.46606364846229553 
vn 0.830620288848877 0.36705294251441956 0.41873979568481445 
vn 0.8345859050750732 0.18316856026649475 0.519534707069397 
vn 0.8127408623695374 0.10439379513263702 0.5731968879699707 
vn 0.7731928825378418 0.0277281254529953 0.6335646510124207 
vn 0.7182739973068237 -0.03807561472058296 0.6947177648544312 
vn 0.6550441384315491 -0.08760575205087662 0.750494658946991 
vn 0.5758276581764221 -0.12687504291534424 0.8076663613319397 
vn 0.48755791783332825 -0.15033350884914398 0.86005038022995 
vn 0.3999531865119934 -0.1572946310043335 0.9029370546340942 
vn 0.30237868428230286 -0.14860348403453827 0.941532552242279 
vn 0.20450414717197418 -0.12340594083070755 0.9710553288459778 
vn 0.11609162390232086 -0.0859254002571106 0.9895145893096924 
vn 0.026408283039927483 -0.03161181882023811 0.9991510510444641 
vn -0.049285028129816055 0.030292514711618423 0.9983251094818115 
vn -0.12017704546451569 0.10730249434709549 0.9869363903999329 
vn -0.17784292995929718 0.1926271915435791 0.9650214910507202 
vn -0.21792614459991455 0.27691805362701416 0.935854971408844 
vn -0.24529263377189636 0.37040749192237854 0.8958960771560669 
vn -0.2554279863834381 0.46378958225250244 0.8483253121376038 
vn -0.24911810457706451 0.5477913022041321 0.7986644506454468 
vn -0.22559699416160583 0.632610023021698 0.7408850193023682 
vn -0.18547524511814117 0.7089281678199768 0.6804556846618652 
vn -0.13446968793869019 0.770042896270752 0.623660147190094 
vn -0.0663885772228241 0.8233731985092163 0.5636037588119507 
vn 0.007183159701526165 0.8598442673683167 0.5105059742927551 
vn 0.09517674893140793 0.8838834166526794 0.45792102813720703 
vn 0.18950292468070984 0.8913787007331848 0.4117438793182373 
vn 0.2801245152950287 0.8833068013191223 0.3758985698223114 
vn 0.3780425190925598 0.8586879968643188 0.3460336923599243 
vn 0.473238468170166 0.818331778049469 0.32615819573402405 
vn 0.5565311908721924 0.7678884267807007 0.31720834970474243 
vn 0.638032078742981 0.7012345194816589 0.31809771060943604 
vn 0.7084885239601135 0.6238833069801331 0.32987067103385925 
vn 0.7620452046394348 0.5446386337280273 0.35022395849227905 
vn 0.8584773540496826 0.5099853873252869 0.05415342375636101 
vn 0.8681871891021729 0.4295273423194885 -0.24851156771183014 
vn 0.8210641145706177 0.33782994747161865 -0.4601361155509949 
vn 0.7656958699226379 0.2684693932533264 -0.584494948387146 
vn 0.6454134583473206 0.15045543015003204 -0.748869001865387 
vn 0.42934176325798035 -0.01608280837535858 -0.9029988050460815 
vn 0.3493717908859253 0.0992388054728508 -0.931713879108429 
vn 0.257342129945755 0.19799257814884186 -0.9458189606666565 
vn 0.14593496918678284 0.2880309224128723 -0.9464356899261475 
vn 0.02330814115703106 0.3607219159603119 -0.9323816895484924 
vn -0.09973987936973572 0.4115166962146759 -0.9059277176856995 
vn -0.2329932302236557 0.4444543123245239 -0.8649702668190002 
vn -0.36560943722724915 0.45514997839927673 -0.8118911981582642 
vn -0.4934389591217041 0.4432690441608429 -0.7483512759208679 
vn -0.6064972877502441 0.4115165174007416 -0.6803047060966492 
vn -0.7137742042541504 0.357367604970932 -0.6023406982421875 
vn -0.8053702116012573 0.28370171785354614 -0.5204727649688721 
vn -0.8750765919685364 0.19799214601516724 -0.4416334629058838 
vn -0.9284359812736511 0.09342373162508011 -0.35955390334129333 
vn -0.959397554397583 -0.02240268886089325 -0.2811673879623413 
vn -0.9669924974441528 -0.145862877368927 -0.20892664790153503 
vn -0.9524093270301819 -0.2663675546646118 -0.14820869266986847 
vn -0.9144883155822754 -0.39349865913391113 -0.09418555349111557 
vn -0.8546059727668762 -0.5166517496109009 -0.05215893313288689 
vn -0.7746359705924988 -0.631973385810852 -0.02344387210905552 
vn -0.6826063394546509 -0.7307271361351013 -0.009338761679828167 
vn -0.5711991786956787 -0.820765495300293 -0.0087220324203372 
vn -0.4485723376274109 -0.8934565186500549 -0.02277601696550846 
vn -0.32552433013916016 -0.944251298904419 -0.04923001304268837 
vn -0.19227097928524017 -0.9771888852119446 -0.09018746018409729 
vn -0.05965476110577583 -0.987884521484375 -0.14326655864715576 
vn 0.06817474216222763 -0.9760036468505859 -0.20680643618106842 
vn 0.18123306334018707 -0.9442510604858398 -0.27485305070877075 
vn 0.2885100245475769 -0.8901021480560303 -0.3528170585632324 
vn 0.38010603189468384 -0.8164362907409668 -0.43468496203422546 
vn 0.4498123824596405 -0.7307267189025879 -0.5135242938995361 
vn 0.5031717419624329 -0.6261582970619202 -0.5956038236618042 
vn 0.5341333150863647 -0.5103318691253662 -0.6739903688430786 
vn 0.5417283177375793 -0.38687169551849365 -0.7462310791015625 
vn 0.7579386830329895 -0.13953562080860138 -0.6372275352478027 
vn 0.7752445340156555 -0.28676795959472656 -0.5628145933151245 
vn 0.8831921815872192 -0.03467993810772896 -0.4677278399467468 
vn 0.7796931266784668 0.6256749629974365 0.024705197662115097 
vn 0.7656105160713196 -0.42952674627304077 -0.47890233993530273 
vn 0.7293293476104736 -0.5634742975234985 -0.3880404233932495 
vn 0.6675034165382385 -0.6845406889915466 -0.2929896414279938 
vn 0.5820114016532898 -0.789047360420227 -0.19663812220096588 
vn 0.475450724363327 -0.8738189935684204 -0.10191336274147034 
vn 0.35105931758880615 -0.936279833316803 -0.011693570762872696 
vn 0.21261674165725708 -0.9745319485664368 0.07127995043992996 
vn 0.06432946026325226 -0.9874131679534912 0.14448611438274384 
vn -0.08929687738418579 -0.9745320677757263 0.2057006061077118 
vn -0.24359439313411713 -0.9362800717353821 0.253063440322876 
vn -0.393874853849411 -0.8738193511962891 0.2851354777812958 
vn -0.5355721116065979 -0.7890477776527405 0.3009423017501831 
vn -0.6643806099891663 -0.6845412254333496 0.3000035881996155 
vn -0.7763867378234863 -0.5634748339653015 0.2823478579521179 
vn -0.8681871891021729 -0.4295273423194885 0.24851156771183014 
vn -0.9369926452636719 -0.2867686152458191 0.19952283799648285 
vn -0.9807124733924866 -0.1395362764596939 0.1368701457977295 
vn -0.9980182647705078 0.007696063257753849 0.06245717778801918 
vn -0.9883842468261719 0.1504548192024231 -0.0214550644159317 
vn -0.9521030783653259 0.28440237045288086 -0.11231697350740433 
vn -0.8902772068977356 0.40546879172325134 -0.20736776292324066 
vn -0.8047851920127869 0.5099754929542542 -0.30371928215026855 
vn -0.6982244849205017 0.5947471261024475 -0.3984440565109253 
vn -0.5738331079483032 0.6572079062461853 -0.48866382241249084 
vn -0.43539050221443176 0.6954600811004639 -0.5716373324394226 
vn -0.28710323572158813 0.7083413004875183 -0.6448435187339783 
vn -0.13347689807415009 0.6954601407051086 -0.7060580253601074 
vn 0.020820610225200653 0.6572081446647644 -0.7534208297729492 
vn 0.17110107839107513 0.5947474241256714 -0.7854928970336914 
vn 0.31279832124710083 0.5099759101867676 -0.8012996912002563 
vn 0.4416068494319916 0.40546929836273193 -0.8003609776496887 
vn 0.553613007068634 0.2844029366970062 -0.7827052474021912 
vn 0.6698756814002991 0.40855035185813904 -0.6199624538421631 
vn 0.725243866443634 0.4779109060764313 -0.4956035614013672 
vn 0.7763867378234863 0.5634748339653015 -0.2823478579521179 
vn 0.6832177639007568 0.7301549315452576 0.009385697543621063 
vn 0.5782229900360107 0.815836489200592 0.008343962021172047 
vn 0.6643806099891663 0.6845412254333496 -0.3000035881996155 
vn 0.6083303689956665 0.6045891642570496 -0.5142044425010681 
vn 0.5529621839523315 0.5352286100387573 -0.6385632753372192 
vn 0.41849079728126526 0.6446735858917236 -0.6397351026535034 
vn 0.2705276608467102 0.7335759401321411 -0.6234424710273743 
vn 0.11354707926511765 0.7992472052574158 -0.5901780128479004 
vn -0.04770417883992195 0.8397017121315002 -0.5409476161003113 
vn -0.21524547040462494 0.8537161350250244 -0.47416988015174866 
vn -0.3700825273990631 0.8397015929222107 -0.397415429353714 
vn -0.5145659446716309 0.7992469668388367 -0.3105239272117615 
vn -0.6443267464637756 0.7335755825042725 -0.21612286567687988 
vn -0.7554411292076111 0.6446731686592102 -0.11706672608852386 
vn -0.8445491790771484 0.5352280735969543 -0.016350893303751945 
vn -0.9089563488960266 0.4085497558116913 0.08297916501760483 
vn -0.9467150568962097 0.2684687376022339 0.17791981995105743 
vn -0.9566835761070251 0.11922094970941544 0.26560020446777344 
vn -0.9385603666305542 -0.03468061983585358 0.3433689773082733 
vn -0.8928936123847961 -0.1885821670293808 0.4088745713233948 
vn -0.8210641145706177 -0.33782994747161865 0.4601361155509949 
vn -0.725243866443634 -0.4779109060764313 0.4956035614013672 
vn -0.6083303689956665 -0.6045891642570496 0.5142044425010681 
vn -0.4738590121269226 -0.7140341401100159 0.5153762102127075 
vn -0.32589587569236755 -0.8029364943504333 0.49908360838890076 
vn -0.1689152866601944 -0.868607759475708 0.4658191204071045 
vn -0.007664032746106386 -0.9090622663497925 0.4165887236595154 
vn 0.1598772555589676 -0.9230766892433167 0.34981101751327515 
vn 0.31471431255340576 -0.9090621471405029 0.2730565667152405 
vn 0.4591977596282959 -0.8686075210571289 0.18616506457328796 
vn 0.5889585614204407 -0.8029361367225647 0.09176399558782578 
vn 0.7000729441642761 -0.7140337228775024 -0.007292148191481829 
vn 0.7891809344291687 -0.6045886278152466 -0.10800797492265701 
vn 0.8535881638526917 -0.4779103100299835 -0.20733803510665894 
vn 0.8913468718528748 -0.3378292918205261 -0.30227869749069214 
vn 0.9013153314590454 -0.18858149647712708 -0.38995906710624695 
vn 0.9385603666305542 0.03468061983585358 -0.3433689773082733 
vn 0.9566835761070251 -0.11922094970941544 -0.26560020446777344 
vn 0.9807124733924866 0.1395362764596939 -0.1368701457977295 
vn 0.9467150568962097 -0.2684687376022339 -0.17791981995105743 
vn 0.9089563488960266 -0.4085497558116913 -0.08297916501760483 
vn 0.8445491790771484 -0.5352280735969543 0.016350893303751945 
vn 0.7554411292076111 -0.6446731686592102 0.11706672608852386 
vn 0.6443267464637756 -0.7335755825042725 0.21612286567687988 
vn 0.5145659446716309 -0.7992469668388367 0.3105239272117615 
vn 0.3700825273990631 -0.8397015929222107 0.397415429353714 
vn 0.2083500474691391 -0.8537161350250244 0.4772399067878723 
vn 0.04770417883992195 -0.8397017121315002 0.5409476161003113 
vn -0.11354707926511765 -0.7992472052574158 0.5901780128479004 
vn -0.2705276608467102 -0.7335759401321411 0.6234424710273743 
vn -0.41849079728126526 -0.6446735858917236 0.6397351026535034 
vn -0.5529621839523315 -0.5352286100387573 0.6385632753372192 
vn -0.6698756814002991 -0.40855035185813904 0.6199624538421631 
vn -0.7656958699226379 -0.2684693932533264 0.584494948387146 
vn -0.8375254273414612 -0.11922162026166916 0.5332334041595459 
vn -0.8831921815872192 0.03467993810772896 0.4677278399467468 
vn -0.9013153314590454 0.18858149647712708 0.38995906710624695 
vn -0.8913468718528748 0.3378292918205261 0.30227869749069214 
vn -0.8535881638526917 0.4779103100299835 0.20733803510665894 
vn -0.7891809344291687 0.6045886278152466 0.10800797492265701 
vn -0.7000729441642761 0.7140337228775024 0.007292148191481829 
vn -0.5889585614204407 0.8029361367225647 -0.09176399558782578 
vn -0.4591977596282959 0.8686075210571289 -0.18616506457328796 
vn -0.31471431255340576 0.9090621471405029 -0.2730565667152405 
vn -0.15298184752464294 0.9230766892433167 -0.3528810441493988 
vn 0.007664032746106386 0.9090622663497925 -0.4165887236595154 
vn 0.1689152866601944 0.868607759475708 -0.4658191204071045 
vn 0.32589587569236755 0.8029364943504333 -0.49908360838890076 
vn 0.4738590121269226 0.7140341401100159 -0.5153762102127075 
vn 0.5355721116065979 0.7890477776527405 -0.3009423017501831 
vn 0.4563503861427307 0.8895406723022461 0.02149703912436962 
vn 0.3268742561340332 0.943803071975708 0.04887895658612251 
vn 0.393874853849411 0.8738193511962891 -0.2851354777812958 
vn 0.24359439313411713 0.9362800717353821 -0.253063440322876 
vn 0.19383397698402405 0.9769308567047119 0.08963549137115479 
vn 0.0682695284485817 0.9878748059272766 0.13943643867969513 
vn 0.08929687738418579 0.9745320677757263 -0.2057006061077118 
vn -0.06432946026325226 0.9874131679534912 -0.14448611438274384 
vn -0.059815045446157455 0.977506160736084 0.20224642753601074 
vn -0.17939981818199158 0.9449514150619507 0.27364620566368103 
vn -0.21261674165725708 0.9745319485664368 -0.07127995043992996 
vn -0.35105931758880615 0.936279833316803 0.011693570762872696 
vn -0.28675395250320435 0.8912262320518494 0.35140830278396606 
vn -0.3741350769996643 0.8223117589950562 0.42874953150749207 
vn -0.475450724363327 0.8738189935684204 0.10191336274147034 
vn -0.5820114016532898 0.789047360420227 0.19663812220096588 
vn -0.4484994411468506 0.7327218651771545 0.5118269324302673 
vn -0.5022377371788025 0.6285827159881592 0.5938357710838318 
vn -0.6675034165382385 0.6845406889915466 0.2929896414279938 
vn -0.7293293476104736 0.5634742975234985 0.3880404233932495 
vn -0.5336736440658569 0.5131431221961975 0.6722177267074585 
vn -0.5419847965240479 0.3966161012649536 0.7409104108810425 
vn -0.7656105160713196 0.42952674627304077 0.47890233993530273 
vn -0.7752445340156555 0.28676795959472656 0.5628145933151245 
vn -0.5278330445289612 0.26972514390945435 0.8053823709487915 
vn -0.49058017134666443 0.14272938668727875 0.8596274852752686 
vn -0.7579386830329895 0.13953562080860138 0.6372275352478027 
vn -0.7142188549041748 -0.007696703542023897 0.6998802423477173 
vn -0.4313885271549225 0.019590917974710464 0.9019534587860107 
vn -0.35674089193344116 -0.09002438932657242 0.9298555254936218 
vn -0.6454134583473206 -0.15045543015003204 0.748869001865387 
vn -0.553613007068634 -0.2844029366970062 0.7827052474021912 
vn -0.2606947422027588 -0.19484283030033112 0.9455549120903015 
vn -0.14988172054290771 -0.28527241945266724 0.9466543793678284 
vn -0.4416068494319916 -0.40546929836273193 0.8003609776496887 
vn -0.31279832124710083 -0.5099759101867676 0.8012996912002563 
vn -0.02775903418660164 -0.3584918975830078 0.9331195950508118 
vn 0.09491898119449615 -0.4099052846431732 0.9071753621101379 
vn -0.17110107839107513 -0.5947474241256714 0.7854928970336914 
vn -0.020820610225200653 -0.6572081446647644 0.7534208297729492 
vn 0.22791841626167297 -0.4436054229736328 0.86675626039505 
vn 0.3604409396648407 -0.4551558494567871 0.8141956329345703 
vn 0.13347689807415009 -0.6954601407051086 0.7060580253601074 
vn 0.28710323572158813 -0.7083413004875183 0.6448435187339783 
vn 0.4883521497249603 -0.4441961646080017 0.7511332035064697 
vn 0.6016581058502197 -0.4133507013320923 0.6834822297096252 
vn 0.43539050221443176 -0.6954600811004639 0.5716373324394226 
vn 0.5738331079483032 -0.6572079062461853 0.48866382241249084 
vn 0.7093789577484131 -0.36016395688056946 0.605857253074646 
vn 0.8016022443771362 -0.2874305844306946 0.5242301225662231 
vn 0.6982244849205017 -0.5947471261024475 0.3984440565109253 
vn 0.8047851920127869 -0.5099754929542542 0.30371928215026855 
vn 0.875450849533081 -0.1974199116230011 0.44114768505096436 
vn 0.9263677000999451 -0.09874854236841202 0.36344465613365173 
vn 0.8902772068977356 -0.40546879172325134 0.20736776292324066 
vn 0.9521030783653259 -0.28440237045288086 0.11231697350740433 
vn 0.9584060907363892 0.01643851399421692 0.28493526577949524 
vn 0.9671778678894043 0.13942283391952515 0.2124360352754593 
vn 0.9524093270301819 0.2663675546646118 0.14820869266986847 
vn 0.9980182647705078 -0.007696063257753849 -0.06245717778801918 
vn 0.9883842468261719 -0.1504548192024231 0.0214550644159317 
s on 
f 1//1 2//2 3//3 
f 2//2 2//2 3//3 
f 3//3 2//2 4//4 
f 2//2 5//5 4//4 
f 4//4 5//5 6//6 
f 5//5 7//7 6//6 
f 6//6 7//7 8//8 
f 7//7 9//9 8//8 
f 8//8 9//9 10//10 
f 9//9 11//11 10//10 
f 10//10 11//11 12//12 
f 11//11 13//13 12//12 
f 12//12 13//13 14//14 
f 13//13 15//15 14//14 
f 14//14 15//15 16//16 
f 15//15 17//17 16//16 
f 16//16 17//17 18//18 
f 17//17 19//19 18//18 
f 18//18 19//19 20//20 
f 19//19 21//21 20//20 
f 20//20 21//21 22//22 
f 21//21 23//23 22//22 
f 22//22 23//23 24//24 
f 23//23 25//25 24//24 
f 24//24 25//25 26//26 
f 25//25 26//26 26//26 
f 26//26 26//26 27//27 
f 26//26 27//27 27//27 
f 27//27 27//27 24//24 
f 27//27 28//28 24//24 
f 24//24 28//28 22//22 
f 28//28 29//29 22//22 
f 22//22 29//29 20//20 
f 29//29 20//20 20//20 
f 20//20 20//20 30//30 
f 20//20 30//30 30//30 
f 30//30 30//30 28//28 
f 30//30 31//31 28//28 
f 28//28 31//31 29//29 
f 31//31 31//31 29//29 
f 29//29 31//31 32//32 
f 31//31 33//33 32//32 
f 32//32 33//33 34//34 
f 33//33 35//35 34//34 
f 34//34 35//35 36//36 
f 35//35 37//37 36//36 
f 36//36 37//37 38//38 
f 37//37 39//39 38//38 
f 38//38 39//39 40//40 
f 39//39 41//41 40//40 
f 40//40 41//41 42//42 
f 41//41 43//43 42//42 
f 42//42 43//43 44//44 
f 43//43 43//43 44//44 
f 44//44 43//43 45//45 
f 43//43 46//46 45//45 
f 45//45 46//46 46//46 
f 46//46 33//33 46//46 
f 46//46 33//33 33//33 
f 33//33 31//31 33//33 
f 33//33 31//31 47//47 
f 31//31 47//47 47//47 
f 47//47 47//47 35//35 
f 47//47 35//35 35//35 
f 35//35 35//35 48//48 
f 35//35 33//33 48//48 
f 48//48 33//33 33//33 
f 33//33 37//37 33//33 
f 33//33 37//37 37//37 
f 37//37 35//35 37//37 
f 37//37 35//35 49//49 
f 35//35 49//49 49//49 
f 49//49 49//49 39//39 
f 49//49 39//39 39//39 
f 39//39 39//39 50//50 
f 39//39 37//37 50//50 
f 50//50 37//37 37//37 
f 37//37 41//41 37//37 
f 37//37 41//41 41//41 
f 41//41 39//39 41//41 
f 41//41 39//39 51//51 
f 39//39 51//51 51//51 
f 51//51 51//51 43//43 
f 51//51 43//43 43//43 
f 43//43 43//43 52//52 
f 43//43 41//41 52//52 
f 52//52 41//41 41//41 
f 41//41 53//53 41//41 
f 41//41 53//53 53//53 
f 53//53 54//54 53//53 
f 53//53 54//54 45//45 
f 54//54 55//55 45//45 
f 45//45 55//55 44//44 
f 55//55 44//44 44//44 
f 44//44 44//44 56//56 
f 44//44 56//56 56//56 
f 56//56 56//56 54//54 
f 56//56 57//57 54//54 
f 54//54 57//57 58//58 
f 57//57 57//57 58//58 
f 58//58 57//57 59//59 
f 57//57 60//60 59//59 
f 59//59 60//60 61//61 
f 60//60 62//62 61//61 
f 61//61 62//62 63//63 
f 62//62 64//64 63//63 
f 63//63 64//64 65//65 
f 64//64 66//66 65//65 
f 65//65 66//66 67//67 
f 66//66 68//68 67//67 
f 67//67 68//68 69//69 
f 68//68 68//68 69//69 
f 69//69 68//68 70//70 
f 68//68 71//71 70//70 
f 70//70 71//71 71//71 
f 71//71 58//58 71//71 
f 71//71 58//58 58//58 
f 58//58 55//55 58//58 
f 58//58 55//55 54//54 
f 55//55 54//54 54//54 
f 54//54 54//54 60//60 
f 54//54 60//60 60//60 
f 60//60 60//60 72//72 
f 60//60 57//57 72//72 
f 72//72 57//57 57//57 
f 57//57 62//62 57//57 
f 57//57 62//62 62//62 
f 62//62 60//60 62//62 
f 62//62 60//60 73//73 
f 60//60 73//73 73//73 
f 73//73 73//73 64//64 
f 73//73 64//64 64//64 
f 64//64 64//64 74//74 
f 64//64 62//62 74//74 
f 74//74 62//62 62//62 
f 62//62 66//66 62//62 
f 62//62 66//66 66//66 
f 66//66 64//64 66//66 
f 66//66 64//64 75//75 
f 64//64 75//75 75//75 
f 75//75 75//75 68//68 
f 75//75 68//68 68//68 
f 68//68 68//68 76//76 
f 68//68 66//66 76//76 
f 76//76 66//66 66//66 
f 66//66 77//77 66//66 
f 66//66 77//77 77//77 
f 77//77 78//78 77//77 
f 77//77 78//78 70//70 
f 78//78 79//79 70//70 
f 70//70 79//79 69//69 
f 79//79 69//69 69//69 
f 69//69 69//69 80//80 
f 69//69 80//80 80//80 
f 80//80 80//80 78//78 
f 80//80 81//81 78//78 
f 78//78 81//81 82//82 
f 81//81 81//81 82//82 
f 82//82 81//81 83//83 
f 81//81 84//84 83//83 
f 83//83 84//84 85//85 
f 84//84 86//86 85//85 
f 85//85 86//86 87//87 
f 86//86 88//88 87//87 
f 87//87 88//88 89//89 
f 88//88 90//90 89//89 
f 89//89 90//90 91//91 
f 90//90 92//92 91//91 
f 91//91 92//92 93//93 
f 92//92 92//92 93//93 
f 93//93 92//92 94//94 
f 92//92 95//95 94//94 
f 94//94 95//95 95//95 
f 95//95 82//82 95//95 
f 95//95 82//82 82//82 
f 82//82 79//79 82//82 
f 82//82 79//79 78//78 
f 79//79 78//78 78//78 
f 78//78 78//78 84//84 
f 78//78 84//84 84//84 
f 84//84 84//84 96//96 
f 84//84 81//81 96//96 
f 96//96 81//81 81//81 
f 81//81 86//86 81//81 
f 81//81 86//86 86//86 
f 86//86 84//84 86//86 
f 86//86 84//84 97//97 
f 84//84 97//97 97//97 
f 97//97 97//97 88//88 
f 97//97 88//88 88//88 
f 88//88 88//88 98//98 
f 88//88 86//86 98//98 
f 98//98 86//86 86//86 
f 86//86 90//90 86//86 
f 86//86 90//90 90//90 
f 90//90 88//88 90//90 
f 90//90 88//88 99//99 
f 88//88 99//99 99//99 
f 99//99 99//99 92//92 
f 99//99 92//92 92//92 
f 92//92 92//92 100//100 
f 92//92 90//90 100//100 
f 100//100 90//90 90//90 
f 90//90 101//101 90//90 
f 90//90 101//101 101//101 
f 101//101 102//102 101//101 
f 101//101 102//102 94//94 
f 102//102 103//103 94//94 
f 94//94 103//103 93//93 
f 103//103 93//93 93//93 
f 93//93 93//93 104//104 
f 93//93 104//104 104//104 
f 104//104 104//104 102//102 
f 104//104 105//105 102//102 
f 102//102 105//105 106//106 
f 105//105 105//105 106//106 
f 106//106 105//105 107//107 
f 105//105 108//108 107//107 
f 107//107 108//108 109//109 
f 108//108 110//110 109//109 
f 109//109 110//110 111//111 
f 110//110 112//112 111//111 
f 111//111 112//112 113//113 
f 112//112 114//114 113//113 
f 113//113 114//114 115//115 
f 114//114 116//116 115//115 
f 115//115 116//116 117//117 
f 116//116 116//116 117//117 
f 117//117 116//116 118//118 
f 116//116 119//119 118//118 
f 118//118 119//119 119//119 
f 119//119 106//106 119//119 
f 119//119 106//106 106//106 
f 106//106 103//103 106//106 
f 106//106 103//103 102//102 
f 103//103 102//102 102//102 
f 102//102 102//102 108//108 
f 102//102 108//108 108//108 
f 108//108 108//108 120//120 
f 108//108 105//105 120//120 
f 120//120 105//105 105//105 
f 105//105 110//110 105//105 
f 105//105 110//110 110//110 
f 110//110 108//108 110//110 
f 110//110 108//108 121//121 
f 108//108 121//121 121//121 
f 121//121 121//121 112//112 
f 121//121 112//112 112//112 
f 112//112 112//112 122//122 
f 112//112 110//110 122//122 
f 122//122 110//110 110//110 
f 110//110 114//114 110//110 
f 110//110 114//114 114//114 
f 114//114 112//112 114//114 
f 114//114 112//112 123//123 
f 112//112 123//123 123//123 
f 123//123 123//123 116//116 
f 123//123 116//116 116//116 
f 116//116 116//116 124//124 
f 116//116 114//114 124//124 
f 124//124 114//114 114//114 
f 114//114 125//125 114//114 
f 114//114 125//125 125//125 
f 125//125 126//126 125//125 
f 125//125 126//126 118//118 
f 126//126 127//127 118//118 
f 118//118 127//127 117//117 
f 127//127 117//117 117//117 
f 117//117 117//117 128//128 
f 117//117 128//128 128//128 
f 128//128 128//128 126//126 
f 128//128 129//129 126//126 
f 126//126 129//129 130//130 
f 129//129 131//131 130//130 
f 130//130 131//131 132//132 
f 131//131 133//133 132//132 
f 132//132 133//133 134//134 
f 133//133 135//135 134//134 
f 134//134 135//135 136//136 
f 135//135 137//137 136//136 
f 136//136 137//137 138//138 
f 137//137 139//139 138//138 
f 138//138 139//139 140//140 
f 139//139 141//141 140//140 
f 140//140 141//141 142//142 
f 141//141 143//143 142//142 
f 142//142 143//143 144//144 
f 143//143 145//145 144//144 
f 144//144 145//145 146//146 
f 145//145 147//147 146//146 
f 146//146 147//147 148//148 
f 147//147 149//149 148//148 
f 148//148 149//149 150//150 
f 149//149 151//151 150//150 
f 150//150 151//151 152//152 
f 151//151 152//152 152//152 
f 152//152 152//152 130//130 
f 152//152 130//130 130//130 
f 130//130 130//130 126//126 
f 130//130 127//127 126//126 
f 126//126 127//127 127//127 
f 127//127 153//153 127//127 
f 127//127 153//153 153//153 
f 153//153 154//154 153//153 
f 153//153 154//154 150//150 
f 154//154 154//154 150//150 
f 150//150 154//154 148//148 
f 154//154 155//155 148//148 
f 148//148 155//155 146//146 
f 155//155 146//146 146//146 
f 146//146 146//146 156//156 
f 146//146 156//156 156//156 
f 156//156 156//156 154//154 
f 156//156 157//157 154//154 
f 154//154 157//157 155//155 
f 157//157 157//157 155//155 
f 155//155 157//157 158//158 
f 157//157 159//159 158//158 
f 158//158 159//159 160//160 
f 159//159 161//161 160//160 
f 160//160 161//161 162//162 
f 161//161 163//163 162//162 
f 162//162 163//163 164//164 
f 163//163 165//165 164//164 
f 164//164 165//165 166//166 
f 165//165 167//167 166//166 
f 166//166 167//167 168//168 
f 167//167 169//169 168//168 
f 168//168 169//169 170//170 
f 169//169 169//169 170//170 
f 170//170 169//169 171//171 
f 169//169 172//172 171//171 
f 171//171 172//172 172//172 
f 172//172 173//173 172//172 
f 172//172 173//173 173//173 
f 173//173 159//159 173//173 
f 173//173 159//159 157//157 
f 159//159 157//157 157//157 
f 157//157 157//157 174//174 
f 157//157 174//174 174//174 
f 174//174 174//174 159//159 
f 174//174 161//161 159//159 
f 159//159 161//161 161//161 
f 161//161 175//175 161//161 
f 161//161 175//175 175//175 
f 175//175 163//163 175//175 
f 175//175 163//163 161//161 
f 163//163 161//161 161//161 
f 161//161 161//161 176//176 
f 161//161 176//176 176//176 
f 176//176 176//176 163//163 
f 176//176 165//165 163//163 
f 163//163 165//165 165//165 
f 165//165 177//177 165//165 
f 165//165 177//177 177//177 
f 177//177 167//167 177//177 
f 177//177 167//167 165//165 
f 167//167 165//165 165//165 
f 165//165 165//165 178//178 
f 165//165 178//178 178//178 
f 178//178 178//178 167//167 
f 178//178 169//169 167//167 
f 167//167 169//169 169//169 
f 169//169 179//179 169//169 
f 169//169 179//179 179//179 
f 179//179 180//180 179//179 
f 179//179 180//180 171//171 
f 180//180 181//181 171//171 
f 171//171 181//181 170//170 
f 181//181 170//170 170//170 
f 170//170 170//170 182//182 
f 170//170 182//182 182//182 
f 182//182 182//182 180//180 
f 182//182 183//183 180//180 
f 180//180 183//183 184//184 
f 183//183 183//183 184//184 
f 184//184 183//183 185//185 
f 183//183 186//186 185//185 
f 185//185 186//186 187//187 
f 186//186 188//188 187//187 
f 187//187 188//188 189//189 
f 188//188 190//190 189//189 
f 189//189 190//190 191//191 
f 190//190 192//192 191//191 
f 191//191 192//192 193//193 
f 192//192 194//194 193//193 
f 193//193 194//194 195//195 
f 194//194 194//194 195//195 
f 195//195 194//194 196//196 
f 194//194 197//197 196//196 
f 196//196 197//197 197//197 
f 197//197 180//180 197//197 
f 197//197 180//180 180//180 
f 180//180 184//184 180//180 
f 180//180 184//184 181//181 
f 184//184 181//181 181//181 
f 181//181 181//181 198//198 
f 181//181 198//198 198//198 
f 198//198 198//198 183//183 
f 198//198 186//186 183//183 
f 183//183 186//186 186//186 
f 186//186 199//199 186//186 
f 186//186 199//199 199//199 
f 199//199 188//188 199//199 
f 199//199 188//188 186//186 
f 188//188 186//186 186//186 
f 186//186 186//186 200//200 
f 186//186 200//200 200//200 
f 200//200 200//200 188//188 
f 200//200 190//190 188//188 
f 188//188 190//190 190//190 
f 190//190 201//201 190//190 
f 190//190 201//201 201//201 
f 201//201 192//192 201//201 
f 201//201 192//192 190//190 
f 192//192 190//190 190//190 
f 190//190 190//190 202//202 
f 190//190 202//202 202//202 
f 202//202 202//202 192//192 
f 202//202 194//194 192//192 
f 192//192 194//194 194//194 
f 194//194 203//203 194//194 
f 194//194 203//203 203//203 
f 203//203 204//204 203//203 
f 203//203 204//204 196//196 
f 204//204 205//205 196//196 
f 196//196 205//205 195//195 
f 205//205 195//195 195//195 
f 195//195 195//195 206//206 
f 195//195 206//206 206//206 
f 206//206 206//206 204//204 
f 206//206 207//207 204//204 
f 204//204 207//207 208//208 
f 207//207 207//207 208//208 
f 208//208 207//207 209//209 
f 207//207 210//210 209//209 
f 209//209 210//210 211//211 
f 210//210 212//212 211//211 
f 211//211 212//212 213//213 
f 212//212 214//214 213//213 
f 213//213 214//214 215//215 
f 214//214 216//216 215//215 
f 215//215 216//216 217//217 
f 216//216 218//218 217//217 
f 217//217 218//218 219//219 
f 218//218 218//218 219//219 
f 219//219 218//218 220//220 
f 218//218 221//221 220//220 
f 220//220 221//221 221//221 
f 221//221 204//204 221//221 
f 221//221 204//204 204//204 
f 204//204 208//208 204//204 
f 204//204 208//208 205//205 
f 208//208 205//205 205//205 
f 205//205 205//205 222//222 
f 205//205 222//222 222//222 
f 222//222 222//222 207//207 
f 222//222 210//210 207//207 
f 207//207 210//210 210//210 
f 210//210 223//223 210//210 
f 210//210 223//223 223//223 
f 223//223 212//212 223//223 
f 223//223 212//212 210//210 
f 212//212 210//210 210//210 
f 210//210 210//210 224//224 
f 210//210 224//224 224//224 
f 224//224 224//224 212//212 
f 224//224 214//214 212//212 
f 212//212 214//214 214//214 
f 214//214 225//225 214//214 
f 214//214 225//225 225//225 
f 225//225 216//216 225//225 
f 225//225 216//216 214//214 
f 216//216 214//214 214//214 
f 214//214 214//214 226//226 
f 214//214 226//226 226//226 
f 226//226 226//226 216//216 
f 226//226 218//218 216//216 
f 216//216 218//218 218//218 
f 218//218 227//227 218//218 
f 218//218 227//227 227//227 
f 227//227 228//228 227//227 
f 227//227 228//228 220//220 
f 228//228 229//229 220//220 
f 220//220 229//229 219//219 
f 229//229 219//219 219//219 
f 219//219 219//219 230//230 
f 219//219 230//230 230//230 
f 230//230 230//230 228//228 
f 230//230 231//231 228//228 
f 228//228 231//231 232//232 
f 231//231 231//231 232//232 
f 232//232 231//231 233//233 
f 231//231 234//234 233//233 
f 233//233 234//234 235//235 
f 234//234 236//236 235//235 
f 235//235 236//236 237//237 
f 236//236 238//238 237//237 
f 237//237 238//238 239//239 
f 238//238 240//240 239//239 
f 239//239 240//240 241//241 
f 240//240 242//242 241//241 
f 241//241 242//242 243//243 
f 242//242 242//242 243//243 
f 243//243 242//242 244//244 
f 242//242 245//245 244//244 
f 244//244 245//245 245//245 
f 245//245 228//228 245//245 
f 245//245 228//228 228//228 
f 228//228 232//232 228//228 
f 228//228 232//232 229//229 
f 232//232 229//229 229//229 
f 229//229 229//229 246//246 
f 229//229 246//246 246//246 
f 246//246 246//246 231//231 
f 246//246 234//234 231//231 
f 231//231 234//234 234//234 
f 234//234 247//247 234//234 
f 234//234 247//247 247//247 
f 247//247 236//236 247//247 
f 247//247 236//236 234//234 
f 236//236 234//234 234//234 
f 234//234 234//234 248//248 
f 234//234 248//248 248//248 
f 248//248 248//248 236//236 
f 248//248 238//238 236//236 
f 236//236 238//238 238//238 
f 238//238 249//249 238//238 
f 238//238 249//249 249//249 
f 249//249 240//240 249//249 
f 249//249 240//240 238//238 
f 240//240 238//238 238//238 
f 238//238 238//238 250//250 
f 238//238 250//250 250//250 
f 250//250 250//250 240//240 
f 250//250 242//242 240//240 
f 240//240 242//242 242//242 
f 242//242 251//251 242//242 
f 242//242 251//251 251//251 
f 251//251 3//3 251//251 
f 251//251 3//3 244//244 
f 3//3 252//252 244//244 
f 244//244 252//252 243//243 
f 252//252 243//243 243//243 
f 243//243 243//243 3//3 
f 243//243 3//3 3//3 
f 3//3 3//3 252//252 
f 3//3 4//4 252//252 
f 252//252 4//4 253//253 
f 4//4 6//6 253//253 
f 253//253 6//6 254//254 
f 6//6 8//8 254//254 
f 254//254 8//8 255//255 
f 8//8 10//10 255//255 
f 255//255 10//10 256//256 
f 10//10 12//12 256//256 
f 256//256 12//12 257//257 
f 12//12 14//14 257//257 
f 257//257 14//14 258//258 
f 14//14 16//16 258//258 
f 258//258 16//16 259//259 
f 16//16 18//18 259//259 
f 259//259 18//18 260//260 
f 18//18 20//20 260//260 
f 260//260 20//20 260//260 
f 20//20 29//29 260//260 
f 260//260 29//29 260//260 
f 29//29 32//32 260//260 
f 260//260 32//32 261//261 
f 32//32 34//34 261//261 
f 261//261 34//34 34//34 
f 34//34 260//260 34//34 
f 34//34 260//260 260//260 
f 260//260 261//261 260//260 
f 260//260 261//261 259//259 
f 261//261 262//262 259//259 
f 259//259 262//262 258//258 
f 262//262 263//263 258//258 
f 258//258 263//263 257//257 
f 263//263 264//264 257//257 
f 257//257 264//264 256//256 
f 264//264 265//265 256//256 
f 256//256 265//265 255//255 
f 265//265 266//266 255//255 
f 255//255 266//266 254//254 
f 266//266 267//267 254//254 
f 254//254 267//267 253//253 
f 267//267 268//268 253//253 
f 253//253 268//268 252//252 
f 268//268 268//268 252//252 
f 252//252 268//268 243//243 
f 268//268 269//269 243//243 
f 243//243 269//269 241//241 
f 269//269 270//270 241//241 
f 241//241 270//270 239//239 
f 270//270 271//271 239//239 
f 239//239 271//271 237//237 
f 271//271 272//272 237//237 
f 237//237 272//272 235//235 
f 272//272 273//273 235//235 
f 235//235 273//273 233//233 
f 273//273 274//274 233//233 
f 233//233 274//274 232//232 
f 274//274 275//275 232//232 
f 232//232 275//275 229//229 
f 275//275 276//276 229//229 
f 229//229 276//276 219//219 
f 276//276 277//277 219//219 
f 219//219 277//277 217//217 
f 277//277 278//278 217//217 
f 217//217 278//278 215//215 
f 278//278 279//279 215//215 
f 215//215 279//279 213//213 
f 279//279 280//280 213//213 
f 213//213 280//280 211//211 
f 280//280 281//281 211//211 
f 211//211 281//281 209//209 
f 281//281 282//282 209//209 
f 209//209 282//282 208//208 
f 282//282 283//283 208//208 
f 208//208 283//283 205//205 
f 283//283 284//284 205//205 
f 205//205 284//284 195//195 
f 284//284 285//285 195//195 
f 195//195 285//285 193//193 
f 285//285 286//286 193//193 
f 193//193 286//286 191//191 
f 286//286 287//287 191//191 
f 191//191 287//287 189//189 
f 287//287 288//288 189//189 
f 189//189 288//288 187//187 
f 288//288 289//289 187//187 
f 187//187 289//289 185//185 
f 289//289 290//290 185//185 
f 185//185 290//290 184//184 
f 290//290 291//291 184//184 
f 184//184 291//291 181//181 
f 291//291 292//292 181//181 
f 181//181 292//292 170//170 
f 292//292 293//293 170//170 
f 170//170 293//293 168//168 
f 293//293 294//294 168//168 
f 168//168 294//294 166//166 
f 294//294 295//295 166//166 
f 166//166 295//295 164//164 
f 295//295 296//296 164//164 
f 164//164 296//296 162//162 
f 296//296 297//297 162//162 
f 162//162 297//297 160//160 
f 297//297 298//298 160//160 
f 160//160 298//298 158//158 
f 298//298 299//299 158//158 
f 158//158 299//299 155//155 
f 299//299 299//299 155//155 
f 155//155 299//299 146//146 
f 299//299 299//299 146//146 
f 146//146 299//299 144//144 
f 299//299 300//300 144//144 
f 144//144 300//300 142//142 
f 300//300 142//142 142//142 
f 142//142 142//142 299//299 
f 142//142 299//299 299//299 
f 299//299 299//299 300//300 
f 299//299 298//298 300//300 
f 300//300 298//298 301//301 
f 298//298 297//297 301//301 
f 301//301 297//297 302//302 
f 297//297 296//296 302//302 
f 302//302 296//296 303//303 
f 296//296 295//295 303//303 
f 303//303 295//295 304//304 
f 295//295 294//294 304//304 
f 304//304 294//294 305//305 
f 294//294 293//293 305//305 
f 305//305 293//293 306//306 
f 293//293 292//292 306//306 
f 306//306 292//292 307//307 
f 292//292 291//291 307//307 
f 307//307 291//291 308//308 
f 291//291 290//290 308//308 
f 308//308 290//290 309//309 
f 290//290 289//289 309//309 
f 309//309 289//289 310//310 
f 289//289 288//288 310//310 
f 310//310 288//288 311//311 
f 288//288 287//287 311//311 
f 311//311 287//287 312//312 
f 287//287 286//286 312//312 
f 312//312 286//286 313//313 
f 286//286 285//285 313//313 
f 313//313 285//285 314//314 
f 285//285 284//284 314//314 
f 314//314 284//284 315//315 
f 284//284 283//283 315//315 
f 315//315 283//283 316//316 
f 283//283 282//282 316//316 
f 316//316 282//282 317//317 
f 282//282 281//281 317//317 
f 317//317 281//281 318//318 
f 281//281 280//280 318//318 
f 318//318 280//280 319//319 
f 280//280 279//279 319//319 
f 319//319 279//279 320//320 
f 279//279 278//278 320//320 
f 320//320 278//278 321//321 
f 278//278 277//277 321//321 
f 321//321 277//277 322//322 
f 277//277 276//276 322//322 
f 322//322 276//276 323//323 
f 276//276 275//275 323//323 
f 323//323 275//275 324//324 
f 275//275 274//274 324//324 
f 324//324 274//274 325//325 
f 274//274 273//273 325//325 
f 325//325 273//273 326//326 
f 273//273 272//272 326//326 
f 326//326 272//272 327//327 
f 272//272 271//271 327//327 
f 327//327 271//271 328//328 
f 271//271 270//270 328//328 
f 328//328 270//270 329//329 
f 270//270 269//269 329//329 
f 329//329 269//269 330//330 
f 269//269 268//268 330//330 
f 330//330 268//268 330//330 
f 268//268 267//267 330//330 
f 330//330 267//267 331//331 
f 267//267 266//266 331//331 
f 331//331 266//266 332//332 
f 266//266 265//265 332//332 
f 332//332 265//265 333//333 
f 265//265 264//264 333//333 
f 333//333 264//264 334//334 
f 264//264 263//263 334//334 
f 334//334 263//263 335//335 
f 263//263 262//262 335//335 
f 335//335 262//262 336//336 
f 262//262 261//261 336//336 
f 336//336 261//261 336//336 
f 261//261 34//34 336//336 
f 336//336 34//34 336//336 
f 34//34 36//36 336//336 
f 336//336 36//36 337//337 
f 36//36 38//38 337//337 
f 337//337 38//38 38//38 
f 38//38 336//336 38//38 
f 38//38 336//336 336//336 
f 336//336 337//337 336//336 
f 336//336 337//337 335//335 
f 337//337 338//338 335//335 
f 335//335 338//338 334//334 
f 338//338 339//339 334//334 
f 334//334 339//339 333//333 
f 339//339 340//340 333//333 
f 333//333 340//340 332//332 
f 340//340 341//341 332//332 
f 332//332 341//341 331//331 
f 341//341 342//342 331//331 
f 331//331 342//342 330//330 
f 342//342 342//342 330//330 
f 330//330 342//342 329//329 
f 342//342 343//343 329//329 
f 329//329 343//343 328//328 
f 343//343 344//344 328//328 
f 328//328 344//344 327//327 
f 344//344 345//345 327//327 
f 327//327 345//345 326//326 
f 345//345 346//346 326//326 
f 326//326 346//346 325//325 
f 346//346 347//347 325//325 
f 325//325 347//347 324//324 
f 347//347 348//348 324//324 
f 324//324 348//348 323//323 
f 348//348 349//349 323//323 
f 323//323 349//349 322//322 
f 349//349 350//350 322//322 
f 322//322 350//350 321//321 
f 350//350 351//351 321//321 
f 321//321 351//351 320//320 
f 351//351 352//352 320//320 
f 320//320 352//352 319//319 
f 352//352 353//353 319//319 
f 319//319 353//353 318//318 
f 353//353 354//354 318//318 
f 318//318 354//354 317//317 
f 354//354 355//355 317//317 
f 317//317 355//355 316//316 
f 355//355 356//356 316//316 
f 316//316 356//356 315//315 
f 356//356 357//357 315//315 
f 315//315 357//357 314//314 
f 357//357 358//358 314//314 
f 314//314 358//358 313//313 
f 358//358 359//359 313//313 
f 313//313 359//359 312//312 
f 359//359 360//360 312//312 
f 312//312 360//360 311//311 
f 360//360 361//361 311//311 
f 311//311 361//361 310//310 
f 361//361 362//362 310//310 
f 310//310 362//362 309//309 
f 362//362 363//363 309//309 
f 309//309 363//363 308//308 
f 363//363 364//364 308//308 
f 308//308 364//364 307//307 
f 364//364 365//365 307//307 
f 307//307 365//365 306//306 
f 365//365 366//366 306//306 
f 306//306 366//366 305//305 
f 366//366 367//367 305//305 
f 305//305 367//367 304//304 
f 367//367 368//368 304//304 
f 304//304 368//368 303//303 
f 368//368 369//369 303//303 
f 303//303 369//369 302//302 
f 369//369 370//370 302//302 
f 302//302 370//370 301//301 
f 370//370 371//371 301//301 
f 301//301 371//371 300//300 
f 371//371 371//371 300//300 
f 300//300 371//371 142//142 
f 371//371 371//371 142//142 
f 142//142 371//371 140//140 
f 371//371 372//372 140//140 
f 140//140 372//372 138//138 
f 372//372 138//138 138//138 
f 138//138 138//138 371//371 
f 138//138 371//371 371//371 
f 371//371 371//371 372//372 
f 371//371 370//370 372//372 
f 372//372 370//370 373//373 
f 370//370 369//369 373//373 
f 373//373 369//369 374//374 
f 369//369 368//368 374//374 
f 374//374 368//368 375//375 
f 368//368 367//367 375//375 
f 375//375 367//367 376//376 
f 367//367 366//366 376//376 
f 376//376 366//366 377//377 
f 366//366 365//365 377//377 
f 377//377 365//365 378//378 
f 365//365 364//364 378//378 
f 378//378 364//364 379//379 
f 364//364 363//363 379//379 
f 379//379 363//363 380//380 
f 363//363 362//362 380//380 
f 380//380 362//362 381//381 
f 362//362 361//361 381//381 
f 381//381 361//361 382//382 
f 361//361 360//360 382//382 
f 382//382 360//360 383//383 
f 360//360 359//359 383//383 
f 383//383 359//359 384//384 
f 359//359 358//358 384//384 
f 384//384 358//358 385//385 
f 358//358 357//357 385//385 
f 385//385 357//357 386//386 
f 357//357 356//356 386//386 
f 386//386 356//356 387//387 
f 356//356 355//355 387//387 
f 387//387 355//355 388//388 
f 355//355 354//354 388//388 
f 388//388 354//354 389//389 
f 354//354 353//353 389//389 
f 389//389 353//353 390//390 
f 353//353 352//352 390//390 
f 390//390 352//352 391//391 
f 352//352 351//351 391//391 
f 391//391 351//351 392//392 
f 351//351 350//350 392//392 
f 392//392 350//350 393//393 
f 350//350 349//349 393//393 
f 393//393 349//349 394//394 
f 349//349 348//348 394//394 
f 394//394 348//348 395//395 
f 348//348 347//347 395//395 
f 395//395 347//347 396//396 
f 347//347 346//346 396//396 
f 396//396 346//346 397//397 
f 346//346 345//345 397//397 
f 397//397 345//345 398//398 
f 345//345 344//344 398//398 
f 398//398 344//344 399//399 
f 344//344 343//343 399//399 
f 399//399 343//343 400//400 
f 343//343 342//342 400//400 
f 400//400 342//342 400//400 
f 342//342 341//341 400//400 
f 400//400 341//341 401//401 
f 341//341 340//340 401//401 
f 401//401 340//340 402//402 
f 340//340 339//339 402//402 
f 402//402 339//339 403//403 
f 339//339 338//338 403//403 
f 403//403 338//338 404//404 
f 338//338 337//337 404//404 
f 404//404 337//337 404//404 
f 337//337 38//38 404//404 
f 404//404 38//38 404//404 
f 38//38 40//40 404//404 
f 404//404 40//40 405//405 
f 40//40 42//42 405//405 
f 405//405 42//42 42//42 
f 42//42 404//404 42//42 
f 42//42 404//404 404//404 
f 404//404 405//405 404//404 
f 404//404 405//405 403//403 
f 405//405 406//406 403//403 
f 403//403 406//406 402//402 
f 406//406 407//407 402//402 
f 402//402 407//407 401//401 
f 407//407 408//408 401//401 
f 401//401 408//408 400//400 
f 408//408 408//408 400//400 
f 400//400 408//408 399//399 
f 408//408 409//409 399//399 
f 399//399 409//409 398//398 
f 409//409 410//410 398//398 
f 398//398 410//410 397//397 
f 410//410 411//411 397//397 
f 397//397 411//411 396//396 
f 411//411 412//412 396//396 
f 396//396 412//412 395//395 
f 412//412 413//413 395//395 
f 395//395 413//413 394//394 
f 413//413 414//414 394//394 
f 394//394 414//414 393//393 
f 414//414 415//415 393//393 
f 393//393 415//415 392//392 
f 415//415 416//416 392//392 
f 392//392 416//416 391//391 
f 416//416 417//417 391//391 
f 391//391 417//417 390//390 
f 417//417 418//418 390//390 
f 390//390 418//418 389//389 
f 418//418 419//419 389//389 
f 389//389 419//419 388//388 
f 419//419 420//420 388//388 
f 388//388 420//420 387//387 
f 420//420 421//421 387//387 
f 387//387 421//421 386//386 
f 421//421 422//422 386//386 
f 386//386 422//422 385//385 
f 422//422 423//423 385//385 
f 385//385 423//423 384//384 
f 423//423 424//424 384//384 
f 384//384 424//424 383//383 
f 424//424 425//425 383//383 
f 383//383 425//425 382//382 
f 425//425 426//426 382//382 
f 382//382 426//426 381//381 
f 426//426 427//427 381//381 
f 381//381 427//427 380//380 
f 427//427 428//428 380//380 
f 380//380 428//428 379//379 
f 428//428 429//429 379//379 
f 379//379 429//429 378//378 
f 429//429 430//430 378//378 
f 378//378 430//430 377//377 
f 430//430 431//431 377//377 
f 377//377 431//431 376//376 
f 431//431 432//432 376//376 
f 376//376 432//432 375//375 
f 432//432 433//433 375//375 
f 375//375 433//433 374//374 
f 433//433 434//434 374//374 
f 374//374 434//434 373//373 
f 434//434 435//435 373//373 
f 373//373 435//435 372//372 
f 435//435 435//435 372//372 
f 372//372 435//435 138//138 
f 435//435 435//435 138//138 
f 138//138 435//435 136//136 
f 435//435 436//436 136//136 
f 136//136 436//436 134//134 
f 436//436 134//134 134//134 
f 134//134 134//134 435//435 
f 134//134 435//435 435//435 
f 435//435 435//435 436//436 
f 435//435 434//434 436//436 
f 436//436 434//434 437//437 
f 434//434 433//433 437//437 
f 437//437 433//433 438//438 
f 433//433 432//432 438//438 
f 438//438 432//432 439//439 
f 432//432 431//431 439//439 
f 439//439 431//431 440//440 
f 431//431 430//430 440//440 
f 440//440 430//430 441//441 
f 430//430 429//429 441//441 
f 441//441 429//429 442//442 
f 429//429 428//428 442//442 
f 442//442 428//428 443//443 
f 428//428 427//427 443//443 
f 443//443 427//427 444//444 
f 427//427 426//426 444//444 
f 444//444 426//426 445//445 
f 426//426 425//425 445//445 
f 445//445 425//425 446//446 
f 425//425 424//424 446//446 
f 446//446 424//424 447//447 
f 424//424 423//423 447//447 
f 447//447 423//423 448//448 
f 423//423 422//422 448//448 
f 448//448 422//422 449//449 
f 422//422 421//421 449//449 
f 449//449 421//421 450//450 
f 421//421 420//420 450//450 
f 450//450 420//420 451//451 
f 420//420 419//419 451//451 
f 451//451 419//419 452//452 
f 419//419 418//418 452//452 
f 452//452 418//418 453//453 
f 418//418 417//417 453//453 
f 453//453 417//417 454//454 
f 417//417 416//416 454//454 
f 454//454 416//416 455//455 
f 416//416 415//415 455//455 
f 455//455 415//415 456//456 
f 415//415 414//414 456//456 
f 456//456 414//414 457//457 
f 414//414 413//413 457//457 
f 457//457 413//413 458//458 
f 413//413 412//412 458//458 
f 458//458 412//412 459//459 
f 412//412 411//411 459//459 
f 459//459 411//411 460//460 
f 411//411 410//410 460//460 
f 460//460 410//410 461//461 
f 410//410 409//409 461//461 
f 461//461 409//409 462//462 
f 409//409 408//408 462//462 
f 462//462 408//408 462//462 
f 408//408 407//407 462//462 
f 462//462 407//407 463//463 
f 407//407 406//406 463//463 
f 463//463 406//406 464//464 
f 406//406 405//405 464//464 
f 464//464 405//405 464//464 
f 405//405 42//42 464//464 
f 464//464 42//42 464//464 
f 42//42 44//44 464//464 
f 464//464 44//44 465//465 
f 44//44 55//55 465//465 
f 465//465 55//55 55//55 
f 55//55 464//464 55//55 
f 55//55 464//464 464//464 
f 464//464 465//465 464//464 
f 464//464 465//465 463//463 
f 465//465 466//466 463//463 
f 463//463 466//466 462//462 
f 466//466 466//466 462//462 
f 462//462 466//466 461//461 
f 466//466 467//467 461//461 
f 461//461 467//467 460//460 
f 467//467 468//468 460//460 
f 460//460 468//468 459//459 
f 468//468 469//469 459//459 
f 459//459 469//469 458//458 
f 469//469 470//470 458//458 
f 458//458 470//470 457//457 
f 470//470 471//471 457//457 
f 457//457 471//471 456//456 
f 471//471 472//472 456//456 
f 456//456 472//472 455//455 
f 472//472 473//473 455//455 
f 455//455 473//473 454//454 
f 473//473 474//474 454//454 
f 454//454 474//474 453//453 
f 474//474 475//475 453//453 
f 453//453 475//475 452//452 
f 475//475 476//476 452//452 
f 452//452 476//476 451//451 
f 476//476 477//477 451//451 
f 451//451 477//477 450//450 
f 477//477 478//478 450//450 
f 450//450 478//478 449//449 
f 478//478 479//479 449//449 
f 449//449 479//479 448//448 
f 479//479 480//480 448//448 
f 448//448 480//480 447//447 
f 480//480 481//481 447//447 
f 447//447 481//481 446//446 
f 481//481 482//482 446//446 
f 446//446 482//482 445//445 
f 482//482 483//483 445//445 
f 445//445 483//483 444//444 
f 483//483 484//484 444//444 
f 444//444 484//484 443//443 
f 484//484 485//485 443//443 
f 443//443 485//485 442//442 
f 485//485 486//486 442//442 
f 442//442 486//486 441//441 
f 486//486 487//487 441//441 
f 441//441 487//487 440//440 
f 487//487 488//488 440//440 
f 440//440 488//488 439//439 
f 488//488 489//489 439//439 
f 439//439 489//489 438//438 
f 489//489 490//490 438//438 
f 438//438 490//490 437//437 
f 490//490 491//491 437//437 
f 437//437 491//491 436//436 
f 491//491 491//491 436//436 
f 436//436 491//491 134//134 
f 491//491 491//491 134//134 
f 134//134 491//491 132//132 
f 491//491 492//492 132//132 
f 132//132 492//492 130//130 
f 492//492 492//492 130//130 
f 130//130 492//492 127//127 
f 492//492 492//492 127//127 
f 127//127 492//492 493//493 
f 492//492 490//490 493//493 
f 493//493 490//490 493//493 
f 490//490 489//489 493//493 
f 493//493 489//489 494//494 
f 489//489 488//488 494//494 
f 494//494 488//488 495//495 
f 488//488 487//487 495//495 
f 495//495 487//487 496//496 
f 487//487 486//486 496//496 
f 496//496 486//486 497//497 
f 486//486 485//485 497//497 
f 497//497 485//485 498//498 
f 485//485 484//484 498//498 
f 498//498 484//484 499//499 
f 484//484 483//483 499//499 
f 499//499 483//483 500//500 
f 483//483 482//482 500//500 
f 500//500 482//482 501//501 
f 482//482 481//481 501//501 
f 501//501 481//481 502//502 
f 481//481 480//480 502//502 
f 502//502 480//480 503//503 
f 480//480 479//479 503//503 
f 503//503 479//479 504//504 
f 479//479 478//478 504//504 
f 504//504 478//478 505//505 
f 478//478 477//477 505//505 
f 505//505 477//477 506//506 
f 477//477 476//476 506//506 
f 506//506 476//476 507//507 
f 476//476 475//475 507//507 
f 507//507 475//475 508//508 
f 475//475 474//474 508//508 
f 508//508 474//474 509//509 
f 474//474 473//473 509//509 
f 509//509 473//473 510//510 
f 473//473 472//472 510//510 
f 510//510 472//472 511//511 
f 472//472 471//471 511//511 
f 511//511 471//471 512//512 
f 471//471 470//470 512//512 
f 512//512 470//470 513//513 
f 470//470 469//469 513//513 
f 513//513 469//469 514//514 
f 469//469 468//468 514//514 
f 514//514 468//468 515//515 
f 468//468 467//467 515//515 
f 515//515 467//467 516//516 
f 467//467 466//466 516//516 
f 516//516 466//466 516//516 
f 466//466 465//465 516//516 
f 516//516 465//465 516//516 
f 465//465 55//55 516//516 
f 516//516 55//55 516//516 
f 55//55 58//58 516//516 
f 516//516 58//58 515//515 
f 58//58 59//59 515//515 
f 515//515 59//59 514//514 
f 59//59 61//61 514//514 
f 514//514 61//61 513//513 
f 61//61 63//63 513//513 
f 513//513 63//63 512//512 
f 63//63 65//65 512//512 
f 512//512 65//65 511//511 
f 65//65 67//67 511//511 
f 511//511 67//67 510//510 
f 67//67 69//69 510//510 
f 510//510 69//69 509//509 
f 69//69 79//79 509//509 
f 509//509 79//79 508//508 
f 79//79 82//82 508//508 
f 508//508 82//82 507//507 
f 82//82 83//83 507//507 
f 507//507 83//83 506//506 
f 83//83 85//85 506//506 
f 506//506 85//85 505//505 
f 85//85 87//87 505//505 
f 505//505 87//87 504//504 
f 87//87 89//89 504//504 
f 504//504 89//89 503//503 
f 89//89 91//91 503//503 
f 503//503 91//91 502//502 
f 91//91 93//93 502//502 
f 502//502 93//93 501//501 
f 93//93 103//103 501//501 
f 501//501 103//103 500//500 
f 103//103 106//106 500//500 
f 500//500 106//106 499//499 
f 106//106 107//107 499//499 
f 499//499 107//107 498//498 
f 107//107 109//109 498//498 
f 498//498 109//109 497//497 
f 109//109 111//111 497//497 
f 497//497 111//111 496//496 
f 111//111 113//113 496//496 
f 496//496 113//113 495//495 
f 113//113 115//115 495//495 
f 495//495 115//115 494//494 
f 115//115 117//117 494//494 
f 494//494 117//117 493//493 
f 117//117 127//127 493//493 
f 493//493 127//127 127//127 
f 127//127 491//491 127//127 
f 127//127 491//491 491//491 
f 491//491 490//490 491//491 
f 491//491 490//490 492//492 
f 490//490 492//492 492//492 
f 492//492 492//492 517//517 
f 492//492 517//517 517//517 
f 517//517 517//517 518//518 
f 517//517 519//519 518//518 
f 518//518 519//519 520//520 
f 519//519 519//519 520//520 
f 520//520 519//519 521//521 
f 519//519 522//522 521//521 
f 521//521 522//522 523//523 
f 522//522 524//524 523//523 
f 523//523 524//524 525//525 
f 524//524 526//526 525//525 
f 525//525 526//526 527//527 
f 526//526 528//528 527//527 
f 527//527 528//528 529//529 
f 528//528 530//530 529//529 
f 529//529 530//530 531//531 
f 530//530 530//530 531//531 
f 531//531 530//530 532//532 
f 530//530 533//533 532//532 
f 532//532 533//533 533//533 
f 533//533 534//534 533//533 
f 533//533 534//534 534//534 
f 534//534 518//518 534//534 
f 534//534 518//518 520//520 
f 518//518 520//520 520//520 
f 520//520 520//520 519//519 
f 520//520 519//519 519//519 
f 519//519 519//519 522//522 
f 519//519 535//535 522//522 
f 522//522 535//535 535//535 
f 535//535 522//522 535//535 
f 535//535 522//522 522//522 
f 522//522 536//536 522//522 
f 522//522 536//536 524//524 
f 536//536 524//524 524//524 
f 524//524 524//524 524//524 
f 524//524 524//524 524//524 
f 524//524 524//524 526//526 
f 524//524 537//537 526//526 
f 526//526 537//537 537//537 
f 537//537 526//526 537//537 
f 537//537 526//526 526//526 
f 526//526 538//538 526//526 
f 526//526 538//538 528//528 
f 538//538 528//528 528//528 
f 528//528 528//528 528//528 
f 528//528 528//528 528//528 
f 528//528 528//528 530//530 
f 528//528 539//539 530//530 
f 530//530 539//539 539//539 
f 539//539 540//540 539//539 
f 539//539 540//540 540//540 
f 540//540 541//541 540//540 
f 540//540 541//541 532//532 
f 541//541 542//542 532//532 
f 532//532 542//542 531//531 
f 542//542 531//531 531//531 
f 531//531 531//531 543//543 
f 531//531 543//543 543//543 
f 543//543 543//543 541//541 
f 543//543 544//544 541//541 
f 541//541 544//544 545//545 
f 544//544 544//544 545//545 
f 545//545 544//544 546//546 
f 544//544 547//547 546//546 
f 546//546 547//547 548//548 
f 547//547 549//549 548//548 
f 548//548 549//549 550//550 
f 549//549 551//551 550//550 
f 550//550 551//551 552//552 
f 551//551 553//553 552//552 
f 552//552 553//553 554//554 
f 553//553 555//555 554//554 
f 554//554 555//555 556//556 
f 555//555 555//555 556//556 
f 556//556 555//555 557//557 
f 555//555 558//558 557//557 
f 557//557 558//558 558//558 
f 558//558 542//542 558//558 
f 558//558 542//542 542//542 
f 542//542 541//541 542//542 
f 542//542 541//541 545//545 
f 541//541 545//545 545//545 
f 545//545 545//545 544//544 
f 545//545 544//544 544//544 
f 544//544 544//544 547//547 
f 544//544 559//559 547//547 
f 547//547 559//559 559//559 
f 559//559 547//547 559//559 
f 559//559 547//547 547//547 
f 547//547 560//560 547//547 
f 547//547 560//560 549//549 
f 560//560 549//549 549//549 
f 549//549 549//549 549//549 
f 549//549 549//549 549//549 
f 549//549 549//549 551//551 
f 549//549 561//561 551//551 
f 551//551 561//561 561//561 
f 561//561 551//551 561//561 
f 561//561 551//551 551//551 
f 551//551 562//562 551//551 
f 551//551 562//562 553//553 
f 562//562 553//553 553//553 
f 553//553 553//553 553//553 
f 553//553 553//553 553//553 
f 553//553 553//553 555//555 
f 553//553 563//563 555//555 
f 555//555 563//563 563//563 
f 563//563 564//564 563//563 
f 563//563 564//564 564//564 
f 564//564 565//565 564//564 
f 564//564 565//565 557//557 
f 565//565 566//566 557//557 
f 557//557 566//566 556//556 
f 566//566 556//556 556//556 
f 556//556 556//556 567//567 
f 556//556 567//567 567//567 
f 567//567 567//567 565//565 
f 567//567 568//568 565//565 
f 565//565 568//568 569//569 
f 568//568 568//568 569//569 
f 569//569 568//568 570//570 
f 568//568 571//571 570//570 
f 570//570 571//571 572//572 
f 571//571 573//573 572//572 
f 572//572 573//573 574//574 
f 573//573 575//575 574//574 
f 574//574 575//575 576//576 
f 575//575 577//577 576//576 
f 576//576 577//577 578//578 
f 577//577 579//579 578//578 
f 578//578 579//579 580//580 
f 579//579 579//579 580//580 
f 580//580 579//579 581//581 
f 579//579 582//582 581//581 
f 581//581 582//582 582//582 
f 582//582 566//566 582//582 
f 582//582 566//566 566//566 
f 566//566 565//565 566//566 
f 566//566 565//565 569//569 
f 565//565 569//569 569//569 
f 569//569 569//569 568//568 
f 569//569 568//568 568//568 
f 568//568 568//568 571//571 
f 568//568 583//583 571//571 
f 571//571 583//583 583//583 
f 583//583 571//571 583//583 
f 583//583 571//571 571//571 
f 571//571 584//584 571//571 
f 571//571 584//584 573//573 
f 584//584 573//573 573//573 
f 573//573 573//573 573//573 
f 573//573 573//573 573//573 
f 573//573 573//573 575//575 
f 573//573 585//585 575//575 
f 575//575 585//585 585//585 
f 585//585 575//575 585//585 
f 585//585 575//575 575//575 
f 575//575 586//586 575//575 
f 575//575 586//586 577//577 
f 586//586 577//577 577//577 
f 577//577 577//577 577//577 
f 577//577 577//577 577//577 
f 577//577 577//577 579//579 
f 577//577 587//587 579//579 
f 579//579 587//587 587//587 
f 587//587 588//588 587//587 
f 587//587 588//588 588//588 
f 588//588 589//589 588//588 
f 588//588 589//589 581//581 
f 589//589 590//590 581//581 
f 581//581 590//590 580//580 
f 590//590 580//580 580//580 
f 580//580 580//580 591//591 
f 580//580 591//591 591//591 
f 591//591 591//591 589//589 
f 591//591 592//592 589//589 
f 589//589 592//592 593//593 
f 592//592 592//592 593//593 
f 593//593 592//592 594//594 
f 592//592 595//595 594//594 
f 594//594 595//595 596//596 
f 595//595 597//597 596//596 
f 596//596 597//597 598//598 
f 597//597 599//599 598//598 
f 598//598 599//599 600//600 
f 599//599 601//601 600//600 
f 600//600 601//601 602//602 
f 601//601 603//603 602//602 
f 602//602 603//603 604//604 
f 603//603 603//603 604//604 
f 604//604 603//603 605//605 
f 603//603 606//606 605//605 
f 605//605 606//606 606//606 
f 606//606 590//590 606//606 
f 606//606 590//590 590//590 
f 590//590 589//589 590//590 
f 590//590 589//589 593//593 
f 589//589 593//593 593//593 
f 593//593 593//593 592//592 
f 593//593 592//592 592//592 
f 592//592 592//592 595//595 
f 592//592 607//607 595//595 
f 595//595 607//607 607//607 
f 607//607 595//595 607//607 
f 607//607 595//595 595//595 
f 595//595 608//608 595//595 
f 595//595 608//608 597//597 
f 608//608 597//597 597//597 
f 597//597 597//597 597//597 
f 597//597 597//597 597//597 
f 597//597 597//597 599//599 
f 597//597 609//609 599//599 
f 599//599 609//609 609//609 
f 609//609 599//599 609//609 
f 609//609 599//599 599//599 
f 599//599 610//610 599//599 
f 599//599 610//610 601//601 
f 610//610 601//601 601//601 
f 601//601 601//601 601//601 
f 601//601 601//601 601//601 
f 601//601 601//601 603//603 
f 601//601 611//611 603//603 
f 603//603 611//611 611//611 
f 611//611 612//612 611//611 
f 611//611 612//612 612//612 
f 612//612 613//613 612//612 
f 612//612 613//613 605//605 
f 613//613 614//614 605//605 
f 605//605 614//614 604//604 
f 614//614 604//604 604//604 
f 604//604 604//604 615//615 
f 604//604 615//615 615//615 
f 615//615 615//615 613//613 
f 615//615 616//616 613//613 
f 613//613 616//616 617//617 
f 616//616 616//616 617//617 
f 617//617 616//616 618//618 
f 616//616 619//619 618//618 
f 618//618 619//619 620//620 
f 619//619 621//621 620//620 
f 620//620 621//621 622//622 
f 621//621 621//621 622//622 
f 622//622 621//621 623//623 
f 621//621 624//624 623//623 
f 623//623 624//624 624//624 
f 624//624 614//614 624//624 
f 624//624 614//614 614//614 
f 614//614 613//613 614//614 
f 614//614 613//613 617//617 
f 613//613 617//617 617//617 
f 617//617 617//617 616//616 
f 617//617 616//616 616//616 
f 616//616 616//616 619//619 
f 616//616 625//625 619//619 
f 619//619 625//625 625//625 
f 625//625 619//619 625//625 
f 625//625 619//619 619//619 
f 619//619 626//626 619//619 
f 619//619 626//626 621//621 
f 626//626 621//621 621//621 
f 621//621 621//621 622//622 
f 621//621 622//622 622//622 
f 622//622 622//622 620//620 
f 622//622 627//627 620//620 
f 620//620 627//627 628//628 
f 627//627 629//629 628//628 
f 628//628 629//629 629//629 
f 629//629 620//620 629//629 
f 629//629 620//620 620//620 
f 620//620 628//628 620//620 
f 620//620 628//628 618//618 
f 628//628 630//630 618//618 
f 618//618 630//630 617//617 
f 630//630 631//631 617//617 
f 617//617 631//631 614//614 
f 631//631 632//632 614//614 
f 614//614 632//632 604//604 
f 632//632 633//633 604//604 
f 604//604 633//633 602//602 
f 633//633 634//634 602//602 
f 602//602 634//634 600//600 
f 634//634 635//635 600//600 
f 600//600 635//635 598//598 
f 635//635 636//636 598//598 
f 598//598 636//636 596//596 
f 636//636 637//637 596//596 
f 596//596 637//637 594//594 
f 637//637 638//638 594//594 
f 594//594 638//638 593//593 
f 638//638 639//639 593//593 
f 593//593 639//639 590//590 
f 639//639 640//640 590//590 
f 590//590 640//640 580//580 
f 640//640 641//641 580//580 
f 580//580 641//641 578//578 
f 641//641 642//642 578//578 
f 578//578 642//642 576//576 
f 642//642 643//643 576//576 
f 576//576 643//643 574//574 
f 643//643 644//644 574//574 
f 574//574 644//644 572//572 
f 644//644 645//645 572//572 
f 572//572 645//645 570//570 
f 645//645 646//646 570//570 
f 570//570 646//646 569//569 
f 646//646 647//647 569//569 
f 569//569 647//647 566//566 
f 647//647 648//648 566//566 
f 566//566 648//648 556//556 
f 648//648 649//649 556//556 
f 556//556 649//649 554//554 
f 649//649 650//650 554//554 
f 554//554 650//650 552//552 
f 650//650 651//651 552//552 
f 552//552 651//651 550//550 
f 651//651 652//652 550//550 
f 550//550 652//652 548//548 
f 652//652 653//653 548//548 
f 548//548 653//653 546//546 
f 653//653 654//654 546//546 
f 546//546 654//654 545//545 
f 654//654 655//655 545//545 
f 545//545 655//655 542//542 
f 655//655 656//656 542//542 
f 542//542 656//656 531//531 
f 656//656 657//657 531//531 
f 531//531 657//657 529//529 
f 657//657 658//658 529//529 
f 529//529 658//658 527//527 
f 658//658 659//659 527//527 
f 527//527 659//659 525//525 
f 659//659 660//660 525//525 
f 525//525 660//660 523//523 
f 660//660 661//661 523//523 
f 523//523 661//661 521//521 
f 661//661 662//662 521//521 
f 521//521 662//662 520//520 
f 662//662 663//663 520//520 
f 520//520 663//663 534//534 
f 663//663 663//663 534//534 
f 534//534 663//663 664//664 
f 663//663 665//665 664//664 
f 664//664 665//665 666//666 
f 665//665 667//667 666//666 
f 666//666 667//667 668//668 
f 667//667 669//669 668//668 
f 668//668 669//669 670//670 
f 669//669 671//671 670//670 
f 670//670 671//671 672//672 
f 671//671 673//673 672//672 
f 672//672 673//673 674//674 
f 673//673 675//675 674//674 
f 674//674 675//675 676//676 
f 675//675 677//677 676//676 
f 676//676 677//677 678//678 
f 677//677 679//679 678//678 
f 678//678 679//679 680//680 
f 679//679 681//681 680//680 
f 680//680 681//681 682//682 
f 681//681 683//683 682//682 
f 682//682 683//683 683//683 
f 683//683 684//684 683//683 
f 683//683 684//684 684//684 
f 684//684 681//681 684//684 
f 684//684 681//681 685//685 
f 681//681 679//679 685//685 
f 685//685 679//679 686//686 
f 679//679 677//677 686//686 
f 686//686 677//677 677//677 
f 677//677 687//687 677//677 
f 677//677 687//687 687//687 
f 687//687 685//685 687//687 
f 687//687 685//685 688//688 
f 685//685 686//686 688//688 
f 688//688 686//686 688//688 
f 686//686 689//689 688//688 
f 688//688 689//689 690//690 
f 689//689 691//691 690//690 
f 690//690 691//691 692//692 
f 691//691 693//693 692//692 
f 692//692 693//693 694//694 
f 693//693 695//695 694//694 
f 694//694 695//695 696//696 
f 695//695 697//697 696//696 
f 696//696 697//697 698//698 
f 697//697 699//699 698//698 
f 698//698 699//699 700//700 
f 699//699 701//701 700//700 
f 700//700 701//701 700//700 
f 701//701 702//702 700//700 
f 700//700 702//702 703//703 
f 702//702 703//703 703//703 
f 703//703 703//703 688//688 
f 703//703 688//688 688//688 
f 688//688 688//688 704//704 
f 688//688 690//690 704//704 
f 704//704 690//690 690//690 
f 690//690 690//690 690//690 
f 690//690 690//690 690//690 
f 690//690 692//692 690//690 
f 690//690 692//692 705//705 
f 692//692 705//705 705//705 
f 705//705 705//705 692//692 
f 705//705 692//692 692//692 
f 692//692 692//692 706//706 
f 692//692 694//694 706//706 
f 706//706 694//694 694//694 
f 694//694 694//694 694//694 
f 694//694 694//694 694//694 
f 694//694 696//696 694//694 
f 694//694 696//696 707//707 
f 696//696 707//707 707//707 
f 707//707 707//707 696//696 
f 707//707 696//696 696//696 
f 696//696 696//696 708//708 
f 696//696 698//698 708//708 
f 708//708 698//698 698//698 
f 698//698 698//698 698//698 
f 698//698 698//698 698//698 
f 698//698 700//700 698//698 
f 698//698 700//700 709//709 
f 700//700 709//709 709//709 
f 709//709 709//709 710//710 
f 709//709 710//710 710//710 
f 710//710 710//710 711//711 
f 710//710 702//702 711//711 
f 711//711 702//702 712//712 
f 702//702 701//701 712//712 
f 712//712 701//701 701//701 
f 701//701 713//713 701//701 
f 701//701 713//713 713//713 
f 713//713 711//711 713//713 
f 713//713 711//711 714//714 
f 711//711 715//715 714//714 
f 714//714 715//715 714//714 
f 715//715 716//716 714//714 
f 714//714 716//716 717//717 
f 716//716 718//718 717//717 
f 717//717 718//718 719//719 
f 718//718 720//720 719//719 
f 719//719 720//720 721//721 
f 720//720 722//722 721//721 
f 721//721 722//722 723//723 
f 722//722 724//724 723//723 
f 723//723 724//724 725//725 
f 724//724 726//726 725//725 
f 725//725 726//726 725//725 
f 726//726 727//727 725//725 
f 725//725 727//727 728//728 
f 727//727 728//728 728//728 
f 728//728 728//728 712//712 
f 728//728 712//712 712//712 
f 712//712 712//712 711//711 
f 712//712 715//715 711//711 
f 711//711 715//715 715//715 
f 715//715 714//714 715//715 
f 715//715 714//714 714//714 
f 714//714 717//717 714//714 
f 714//714 717//717 729//729 
f 717//717 729//729 729//729 
f 729//729 729//729 717//717 
f 729//729 717//717 717//717 
f 717//717 717//717 730//730 
f 717//717 719//719 730//730 
f 730//730 719//719 719//719 
f 719//719 719//719 719//719 
f 719//719 719//719 719//719 
f 719//719 721//721 719//719 
f 719//719 721//721 731//731 
f 721//721 731//731 731//731 
f 731//731 731//731 721//721 
f 731//731 721//721 721//721 
f 721//721 721//721 732//732 
f 721//721 723//723 732//732 
f 732//732 723//723 723//723 
f 723//723 723//723 723//723 
f 723//723 723//723 723//723 
f 723//723 725//725 723//723 
f 723//723 725//725 733//733 
f 725//725 733//733 733//733 
f 733//733 733//733 734//734 
f 733//733 734//734 734//734 
f 734//734 734//734 735//735 
f 734//734 727//727 735//735 
f 735//735 727//727 736//736 
f 727//727 726//726 736//736 
f 736//736 726//726 726//726 
f 726//726 737//737 726//726 
f 726//726 737//737 737//737 
f 737//737 735//735 737//737 
f 737//737 735//735 738//738 
f 735//735 739//739 738//738 
f 738//738 739//739 738//738 
f 739//739 740//740 738//738 
f 738//738 740//740 741//741 
f 740//740 742//742 741//741 
f 741//741 742//742 743//743 
f 742//742 744//744 743//743 
f 743//743 744//744 745//745 
f 744//744 746//746 745//745 
f 745//745 746//746 747//747 
f 746//746 748//748 747//747 
f 747//747 748//748 749//749 
f 748//748 750//750 749//749 
f 749//749 750//750 749//749 
f 750//750 751//751 749//749 
f 749//749 751//751 752//752 
f 751//751 752//752 752//752 
f 752//752 752//752 736//736 
f 752//752 736//736 736//736 
f 736//736 736//736 735//735 
f 736//736 739//739 735//735 
f 735//735 739//739 739//739 
f 739//739 738//738 739//739 
f 739//739 738//738 738//738 
f 738//738 741//741 738//738 
f 738//738 741//741 753//753 
f 741//741 753//753 753//753 
f 753//753 753//753 741//741 
f 753//753 741//741 741//741 
f 741//741 741//741 754//754 
f 741//741 743//743 754//754 
f 754//754 743//743 743//743 
f 743//743 743//743 743//743 
f 743//743 743//743 743//743 
f 743//743 745//745 743//743 
f 743//743 745//745 755//755 
f 745//745 755//755 755//755 
f 755//755 755//755 745//745 
f 755//755 745//745 745//745 
f 745//745 745//745 756//756 
f 745//745 747//747 756//756 
f 756//756 747//747 747//747 
f 747//747 747//747 747//747 
f 747//747 747//747 747//747 
f 747//747 749//749 747//747 
f 747//747 749//749 757//757 
f 749//749 757//757 757//757 
f 757//757 757//757 758//758 
f 757//757 758//758 758//758 
f 758//758 758//758 759//759 
f 758//758 751//751 759//759 
f 759//759 751//751 760//760 
f 751//751 750//750 760//760 
f 760//760 750//750 750//750 
f 750//750 761//761 750//750 
f 750//750 761//761 761//761 
f 761//761 759//759 761//761 
f 761//761 759//759 762//762 
f 759//759 763//763 762//762 
f 762//762 763//763 762//762 
f 763//763 764//764 762//762 
f 762//762 764//764 765//765 
f 764//764 766//766 765//765 
f 765//765 766//766 767//767 
f 766//766 768//768 767//767 
f 767//767 768//768 769//769 
f 768//768 770//770 769//769 
f 769//769 770//770 771//771 
f 770//770 772//772 771//771 
f 771//771 772//772 773//773 
f 772//772 774//774 773//773 
f 773//773 774//774 773//773 
f 774//774 775//775 773//773 
f 773//773 775//775 776//776 
f 775//775 776//776 776//776 
f 776//776 776//776 760//760 
f 776//776 760//760 760//760 
f 760//760 760//760 759//759 
f 760//760 763//763 759//759 
f 759//759 763//763 763//763 
f 763//763 762//762 763//763 
f 763//763 762//762 762//762 
f 762//762 765//765 762//762 
f 762//762 765//765 777//777 
f 765//765 777//777 777//777 
f 777//777 777//777 765//765 
f 777//777 765//765 765//765 
f 765//765 765//765 778//778 
f 765//765 767//767 778//778 
f 778//778 767//767 767//767 
f 767//767 767//767 767//767 
f 767//767 767//767 767//767 
f 767//767 769//769 767//767 
f 767//767 769//769 779//779 
f 769//769 779//779 779//779 
f 779//779 779//779 769//769 
f 779//779 769//769 769//769 
f 769//769 769//769 780//780 
f 769//769 771//771 780//780 
f 780//780 771//771 771//771 
f 771//771 771//771 771//771 
f 771//771 771//771 771//771 
f 771//771 773//773 771//771 
f 771//771 773//773 781//781 
f 773//773 781//781 781//781 
f 781//781 781//781 782//782 
f 781//781 782//782 782//782 
f 782//782 782//782 783//783 
f 782//782 775//775 783//783 
f 783//783 775//775 784//784 
f 775//775 774//774 784//784 
f 784//784 774//774 774//774 
f 774//774 785//785 774//774 
f 774//774 785//785 785//785 
f 785//785 783//783 785//785 
f 785//785 783//783 786//786 
f 783//783 787//787 786//786 
f 786//786 787//787 788//788 
f 787//787 789//789 788//788 
f 788//788 789//789 790//790 
f 789//789 790//790 790//790 
f 790//790 790//790 783//783 
f 790//790 783//783 783//783 
f 783//783 783//783 787//787 
f 783//783 784//784 787//787 
f 787//787 784//784 791//791 
f 784//784 784//784 791//791 
f 791//791 784//784 792//792 
f 784//784 774//774 792//792 
f 792//792 774//774 793//793 
f 774//774 772//772 793//793 
f 793//793 772//772 794//794 
f 772//772 770//770 794//794 
f 794//794 770//770 795//795 
f 770//770 768//768 795//795 
f 795//795 768//768 796//796 
f 768//768 766//766 796//796 
f 796//796 766//766 797//797 
f 766//766 764//764 797//797 
f 797//797 764//764 798//798 
f 764//764 763//763 798//798 
f 798//798 763//763 799//799 
f 763//763 760//760 799//799 
f 799//799 760//760 800//800 
f 760//760 750//750 800//800 
f 800//800 750//750 801//801 
f 750//750 748//748 801//801 
f 801//801 748//748 802//802 
f 748//748 746//746 802//802 
f 802//802 746//746 803//803 
f 746//746 744//744 803//803 
f 803//803 744//744 804//804 
f 744//744 742//742 804//804 
f 804//804 742//742 805//805 
f 742//742 740//740 805//805 
f 805//805 740//740 806//806 
f 740//740 739//739 806//806 
f 806//806 739//739 807//807 
f 739//739 736//736 807//807 
f 807//807 736//736 808//808 
f 736//736 726//726 808//808 
f 808//808 726//726 809//809 
f 726//726 724//724 809//809 
f 809//809 724//724 810//810 
f 724//724 722//722 810//810 
f 810//810 722//722 811//811 
f 722//722 720//720 811//811 
f 811//811 720//720 812//812 
f 720//720 718//718 812//812 
f 812//812 718//718 813//813 
f 718//718 716//716 813//813 
f 813//813 716//716 814//814 
f 716//716 715//715 814//814 
f 814//814 715//715 815//815 
f 715//715 712//712 815//815 
f 815//815 712//712 816//816 
f 712//712 701//701 816//816 
f 816//816 701//701 817//817 
f 701//701 699//699 817//817 
f 817//817 699//699 818//818 
f 699//699 697//697 818//818 
f 818//818 697//697 819//819 
f 697//697 695//695 819//819 
f 819//819 695//695 820//820 
f 695//695 693//693 820//820 
f 820//820 693//693 821//821 
f 693//693 691//691 821//821 
f 821//821 691//691 822//822 
f 691//691 689//689 822//822 
f 822//822 689//689 823//823 
f 689//689 686//686 823//823 
f 823//823 686//686 823//823 
f 686//686 677//677 823//823 
f 823//823 677//677 823//823 
f 677//677 675//675 823//823 
f 823//823 675//675 824//824 
f 675//675 673//673 824//824 
f 824//824 673//673 825//825 
f 673//673 671//671 825//825 
f 825//825 671//671 826//826 
f 671//671 669//669 826//826 
f 826//826 669//669 827//827 
f 669//669 667//667 827//827 
f 827//827 667//667 828//828 
f 667//667 665//665 828//828 
f 828//828 665//665 829//829 
f 665//665 663//663 829//829 
f 829//829 663//663 829//829 
f 663//663 662//662 829//829 
f 829//829 662//662 830//830 
f 662//662 661//661 830//830 
f 830//830 661//661 831//831 
f 661//661 660//660 831//831 
f 831//831 660//660 832//832 
f 660//660 659//659 832//832 
f 832//832 659//659 833//833 
f 659//659 658//658 833//833 
f 833//833 658//658 834//834 
f 658//658 657//657 834//834 
f 834//834 657//657 835//835 
f 657//657 656//656 835//835 
f 835//835 656//656 836//836 
f 656//656 655//655 836//836 
f 836//836 655//655 837//837 
f 655//655 654//654 837//837 
f 837//837 654//654 838//838 
f 654//654 653//653 838//838 
f 838//838 653//653 839//839 
f 653//653 652//652 839//839 
f 839//839 652//652 840//840 
f 652//652 651//651 840//840 
f 840//840 651//651 841//841 
f 651//651 650//650 841//841 
f 841//841 650//650 842//842 
f 650//650 649//649 842//842 
f 842//842 649//649 843//843 
f 649//649 648//648 843//843 
f 843//843 648//648 844//844 
f 648//648 647//647 844//844 
f 844//844 647//647 845//845 
f 647//647 646//646 845//845 
f 845//845 646//646 846//846 
f 646//646 645//645 846//846 
f 846//846 645//645 847//847 
f 645//645 644//644 847//847 
f 847//847 644//644 848//848 
f 644//644 643//643 848//848 
f 848//848 643//643 849//849 
f 643//643 642//642 849//849 
f 849//849 642//642 850//850 
f 642//642 641//641 850//850 
f 850//850 641//641 851//851 
f 641//641 640//640 851//851 
f 851//851 640//640 852//852 
f 640//640 639//639 852//852 
f 852//852 639//639 853//853 
f 639//639 638//638 853//853 
f 853//853 638//638 854//854 
f 638//638 637//637 854//854 
f 854//854 637//637 855//855 
f 637//637 636//636 855//855 
f 855//855 636//636 856//856 
f 636//636 635//635 856//856 
f 856//856 635//635 857//857 
f 635//635 634//634 857//857 
f 857//857 634//634 858//858 
f 634//634 633//633 858//858 
f 858//858 633//633 859//859 
f 633//633 632//632 859//859 
f 859//859 632//632 860//860 
f 632//632 631//631 860//860 
f 860//860 631//631 861//861 
f 631//631 630//630 861//861 
f 861//861 630//630 862//862 
f 630//630 628//628 862//862 
f 862//862 628//628 862//862 
f 628//628 629//629 862//862 
f 862//862 629//629 862//862 
f 629//629 863//863 862//862 
f 862//862 863//863 864//864 
f 863//863 865//865 864//864 
f 864//864 865//865 865//865 
f 865//865 791//791 865//865 
f 865//865 791//791 791//791 
f 791//791 789//789 791//791 
f 791//791 789//789 787//787 
f 789//789 787//787 787//787 
f 787//787 787//787 823//823 
f 787//787 823//823 823//823 
f 823//823 823//823 822//822 
f 823//823 824//824 822//822 
f 822//822 824//824 866//866 
f 824//824 825//825 866//866 
f 866//866 825//825 825//825 
f 825//825 822//822 825//825 
f 825//825 822//822 822//822 
f 822//822 866//866 822//822 
f 822//822 866//866 821//821 
f 866//866 821//821 821//821 
f 821//821 821//821 862//862 
f 821//821 862//862 862//862 
f 862//862 862//862 861//861 
f 862//862 864//864 861//861 
f 861//861 864//864 861//861 
f 864//864 867//867 861//861 
f 861//861 867//867 860//860 
f 867//867 868//868 860//860 
f 860//860 868//868 859//859 
f 868//868 869//869 859//859 
f 859//859 869//869 858//858 
f 869//869 870//870 858//858 
f 858//858 870//870 857//857 
f 870//870 871//871 857//857 
f 857//857 871//871 856//856 
f 871//871 872//872 856//856 
f 856//856 872//872 855//855 
f 872//872 873//873 855//855 
f 855//855 873//873 854//854 
f 873//873 874//874 854//854 
f 854//854 874//874 853//853 
f 874//874 875//875 853//853 
f 853//853 875//875 852//852 
f 875//875 876//876 852//852 
f 852//852 876//876 851//851 
f 876//876 877//877 851//851 
f 851//851 877//877 850//850 
f 877//877 878//878 850//850 
f 850//850 878//878 849//849 
f 878//878 879//879 849//849 
f 849//849 879//879 848//848 
f 879//879 880//880 848//848 
f 848//848 880//880 847//847 
f 880//880 881//881 847//847 
f 847//847 881//881 846//846 
f 881//881 882//882 846//846 
f 846//846 882//882 845//845 
f 882//882 883//883 845//845 
f 845//845 883//883 844//844 
f 883//883 884//884 844//844 
f 844//844 884//884 843//843 
f 884//884 885//885 843//843 
f 843//843 885//885 842//842 
f 885//885 886//886 842//842 
f 842//842 886//886 841//841 
f 886//886 887//887 841//841 
f 841//841 887//887 840//840 
f 887//887 888//888 840//840 
f 840//840 888//888 839//839 
f 888//888 889//889 839//839 
f 839//839 889//889 838//838 
f 889//889 890//890 838//838 
f 838//838 890//890 837//837 
f 890//890 891//891 837//837 
f 837//837 891//891 836//836 
f 891//891 892//892 836//836 
f 836//836 892//892 835//835 
f 892//892 893//893 835//835 
f 835//835 893//893 834//834 
f 893//893 894//894 834//834 
f 834//834 894//894 833//833 
f 894//894 895//895 833//833 
f 833//833 895//895 832//832 
f 895//895 896//896 832//832 
f 832//832 896//896 831//831 
f 896//896 897//897 831//831 
f 831//831 897//897 830//830 
f 897//897 898//898 830//830 
f 830//830 898//898 829//829 
f 898//898 898//898 829//829 
f 829//829 898//898 828//828 
f 898//898 899//899 828//828 
f 828//828 899//899 827//827 
f 899//899 900//900 827//827 
f 827//827 900//900 826//826 
f 900//900 901//901 826//826 
f 826//826 901//901 825//825 
f 901//901 901//901 825//825 
f 825//825 901//901 866//866 
f 901//901 902//902 866//866 
f 866//866 902//902 821//821 
f 902//902 902//902 821//821 
f 821//821 902//902 820//820 
f 902//902 903//903 820//820 
f 820//820 903//903 819//819 
f 903//903 819//819 819//819 
f 819//819 819//819 903//903 
f 819//819 903//903 903//903 
f 903//903 903//903 904//904 
f 903//903 902//902 904//904 
f 904//904 902//902 904//904 
f 902//902 901//901 904//904 
f 904//904 901//901 904//904 
f 901//901 900//900 904//904 
f 904//904 900//900 905//905 
f 900//900 899//899 905//905 
f 905//905 899//899 906//906 
f 899//899 898//898 906//906 
f 906//906 898//898 906//906 
f 898//898 897//897 906//906 
f 906//906 897//897 907//907 
f 897//897 896//896 907//907 
f 907//907 896//896 908//908 
f 896//896 895//895 908//908 
f 908//908 895//895 909//909 
f 895//895 894//894 909//909 
f 909//909 894//894 910//910 
f 894//894 893//893 910//910 
f 910//910 893//893 911//911 
f 893//893 892//892 911//911 
f 911//911 892//892 912//912 
f 892//892 891//891 912//912 
f 912//912 891//891 913//913 
f 891//891 890//890 913//913 
f 913//913 890//890 914//914 
f 890//890 889//889 914//914 
f 914//914 889//889 915//915 
f 889//889 888//888 915//915 
f 915//915 888//888 916//916 
f 888//888 887//887 916//916 
f 916//916 887//887 917//917 
f 887//887 886//886 917//917 
f 917//917 886//886 918//918 
f 886//886 885//885 918//918 
f 918//918 885//885 919//919 
f 885//885 884//884 919//919 
f 919//919 884//884 920//920 
f 884//884 883//883 920//920 
f 920//920 883//883 921//921 
f 883//883 882//882 921//921 
f 921//921 882//882 922//922 
f 882//882 881//881 922//922 
f 922//922 881//881 923//923 
f 881//881 880//880 923//923 
f 923//923 880//880 924//924 
f 880//880 879//879 924//924 
f 924//924 879//879 925//925 
f 879//879 878//878 925//925 
f 925//925 878//878 926//926 
f 878//878 877//877 926//926 
f 926//926 877//877 927//927 
f 877//877 876//876 927//927 
f 927//927 876//876 928//928 
f 876//876 875//875 928//928 
f 928//928 875//875 929//929 
f 875//875 874//874 929//929 
f 929//929 874//874 930//930 
f 874//874 873//873 930//930 
f 930//930 873//873 931//931 
f 873//873 872//872 931//931 
f 931//931 872//872 932//932 
f 872//872 871//871 932//932 
f 932//932 871//871 933//933 
f 871//871 870//870 933//933 
f 933//933 870//870 934//934 
f 870//870 869//869 934//934 
f 934//934 869//869 935//935 
f 869//869 868//868 935//935 
f 935//935 868//868 936//936 
f 868//868 867//867 936//936 
f 936//936 867//867 937//937 
f 867//867 864//864 937//937 
f 937//937 864//864 937//937 
f 864//864 865//865 937//937 
f 937//937 865//865 937//937 
f 865//865 938//938 937//937 
f 937//937 938//938 939//939 
f 938//938 940//940 939//939 
f 939//939 940//940 940//940 
f 940//940 937//937 940//940 
f 940//940 937//937 937//937 
f 937//937 939//939 937//937 
f 937//937 939//939 936//936 
f 939//939 941//941 936//936 
f 936//936 941//941 935//935 
f 941//941 942//942 935//935 
f 935//935 942//942 934//934 
f 942//942 943//943 934//934 
f 934//934 943//943 933//933 
f 943//943 944//944 933//933 
f 933//933 944//944 932//932 
f 944//944 945//945 932//932 
f 932//932 945//945 931//931 
f 945//945 946//946 931//931 
f 931//931 946//946 930//930 
f 946//946 947//947 930//930 
f 930//930 947//947 929//929 
f 947//947 948//948 929//929 
f 929//929 948//948 928//928 
f 948//948 949//949 928//928 
f 928//928 949//949 927//927 
f 949//949 950//950 927//927 
f 927//927 950//950 926//926 
f 950//950 951//951 926//926 
f 926//926 951//951 925//925 
f 951//951 952//952 925//925 
f 925//925 952//952 924//924 
f 952//952 953//953 924//924 
f 924//924 953//953 923//923 
f 953//953 954//954 923//923 
f 923//923 954//954 922//922 
f 954//954 955//955 922//922 
f 922//922 955//955 921//921 
f 955//955 956//956 921//921 
f 921//921 956//956 920//920 
f 956//956 957//957 920//920 
f 920//920 957//957 919//919 
f 957//957 958//958 919//919 
f 919//919 958//958 918//918 
f 958//958 959//959 918//918 
f 918//918 959//959 917//917 
f 959//959 960//960 917//917 
f 917//917 960//960 916//916 
f 960//960 961//961 916//916 
f 916//916 961//961 915//915 
f 961//961 962//962 915//915 
f 915//915 962//962 914//914 
f 962//962 963//963 914//914 
f 914//914 963//963 913//913 
f 963//963 964//964 913//913 
f 913//913 964//964 912//912 
f 964//964 965//965 912//912 
f 912//912 965//965 911//911 
f 965//965 966//966 911//911 
f 911//911 966//966 910//910 
f 966//966 967//967 910//910 
f 910//910 967//967 909//909 
f 967//967 968//968 909//909 
f 909//909 968//968 908//908 
f 968//968 969//969 908//908 
f 908//908 969//969 907//907 
f 969//969 970//970 907//907 
f 907//907 970//970 906//906 
f 970//970 970//970 906//906 
f 906//906 970//970 905//905 
f 970//970 971//971 905//905 
f 905//905 971//971 904//904 
f 971//971 971//971 904//904 
f 904//904 971//971 903//903 
f 971//971 972//972 903//903 
f 903//903 972//972 819//819 
f 972//972 972//972 819//819 
f 819//819 972//972 818//818 
f 972//972 973//973 818//818 
f 818//818 973//973 817//817 
f 973//973 817//817 817//817 
f 817//817 817//817 973//973 
f 817//817 973//973 973//973 
f 973//973 973//973 974//974 
f 973//973 972//972 974//974 
f 974//974 972//972 974//974 
f 972//972 971//971 974//974 
f 974//974 971//971 974//974 
f 971//971 970//970 974//974 
f 974//974 970//970 974//974 
f 970//970 969//969 974//974 
f 974//974 969//969 975//975 
f 969//969 968//968 975//975 
f 975//975 968//968 968//968 
f 968//968 974//974 968//968 
f 968//968 974//974 974//974 
f 974//974 975//975 974//974 
f 974//974 975//975 973//973 
f 975//975 976//976 973//973 
f 973//973 976//976 817//817 
f 976//976 976//976 817//817 
f 817//817 976//976 816//816 
f 976//976 977//977 816//816 
f 816//816 977//977 815//815 
f 977//977 815//815 815//815 
f 815//815 815//815 977//977 
f 815//815 977//977 977//977 
f 977//977 977//977 978//978 
f 977//977 976//976 978//978 
f 978//978 976//976 978//978 
f 976//976 975//975 978//978 
f 978//978 975//975 978//978 
f 975//975 968//968 978//978 
f 978//978 968//968 978//978 
f 968//968 967//967 978//978 
f 978//978 967//967 979//979 
f 967//967 966//966 979//979 
f 979//979 966//966 966//966 
f 966//966 978//978 966//966 
f 966//966 978//978 978//978 
f 978//978 979//979 978//978 
f 978//978 979//979 977//977 
f 979//979 980//980 977//977 
f 977//977 980//980 815//815 
f 980//980 980//980 815//815 
f 815//815 980//980 814//814 
f 980//980 981//981 814//814 
f 814//814 981//981 813//813 
f 981//981 813//813 813//813 
f 813//813 813//813 981//981 
f 813//813 981//981 981//981 
f 981//981 981//981 982//982 
f 981//981 980//980 982//982 
f 982//982 980//980 982//982 
f 980//980 979//979 982//982 
f 982//982 979//979 982//982 
f 979//979 966//966 982//982 
f 982//982 966//966 982//982 
f 966//966 965//965 982//982 
f 982//982 965//965 983//983 
f 965//965 964//964 983//983 
f 983//983 964//964 964//964 
f 964//964 982//982 964//964 
f 964//964 982//982 982//982 
f 982//982 983//983 982//982 
f 982//982 983//983 981//981 
f 983//983 984//984 981//981 
f 981//981 984//984 813//813 
f 984//984 984//984 813//813 
f 813//813 984//984 812//812 
f 984//984 985//985 812//812 
f 812//812 985//985 811//811 
f 985//985 811//811 811//811 
f 811//811 811//811 985//985 
f 811//811 985//985 985//985 
f 985//985 985//985 986//986 
f 985//985 984//984 986//986 
f 986//986 984//984 986//986 
f 984//984 983//983 986//986 
f 986//986 983//983 986//986 
f 983//983 964//964 986//986 
f 986//986 964//964 986//986 
f 964//964 963//963 986//986 
f 986//986 963//963 987//987 
f 963//963 962//962 987//987 
f 987//987 962//962 962//962 
f 962//962 986//986 962//962 
f 962//962 986//986 986//986 
f 986//986 987//987 986//986 
f 986//986 987//987 985//985 
f 987//987 988//988 985//985 
f 985//985 988//988 811//811 
f 988//988 988//988 811//811 
f 811//811 988//988 810//810 
f 988//988 989//989 810//810 
f 810//810 989//989 809//809 
f 989//989 809//809 809//809 
f 809//809 809//809 989//989 
f 809//809 989//989 989//989 
f 989//989 989//989 990//990 
f 989//989 988//988 990//990 
f 990//990 988//988 990//990 
f 988//988 987//987 990//990 
f 990//990 987//987 990//990 
f 987//987 962//962 990//990 
f 990//990 962//962 990//990 
f 962//962 961//961 990//990 
f 990//990 961//961 991//991 
f 961//961 960//960 991//991 
f 991//991 960//960 960//960 
f 960//960 990//990 960//960 
f 960//960 990//990 990//990 
f 990//990 991//991 990//990 
f 990//990 991//991 989//989 
f 991//991 992//992 989//989 
f 989//989 992//992 809//809 
f 992//992 992//992 809//809 
f 809//809 992//992 808//808 
f 992//992 993//993 808//808 
f 808//808 993//993 807//807 
f 993//993 807//807 807//807 
f 807//807 807//807 993//993 
f 807//807 993//993 993//993 
f 993//993 993//993 994//994 
f 993//993 992//992 994//994 
f 994//994 992//992 994//994 
f 992//992 991//991 994//994 
f 994//994 991//991 994//994 
f 991//991 960//960 994//994 
f 994//994 960//960 994//994 
f 960//960 959//959 994//994 
f 994//994 959//959 995//995 
f 959//959 958//958 995//995 
f 995//995 958//958 958//958 
f 958//958 994//994 958//958 
f 958//958 994//994 994//994 
f 994//994 995//995 994//994 
f 994//994 995//995 993//993 
f 995//995 996//996 993//993 
f 993//993 996//996 807//807 
f 996//996 996//996 807//807 
f 807//807 996//996 806//806 
f 996//996 997//997 806//806 
f 806//806 997//997 805//805 
f 997//997 805//805 805//805 
f 805//805 805//805 997//997 
f 805//805 997//997 997//997 
f 997//997 997//997 998//998 
f 997//997 996//996 998//998 
f 998//998 996//996 998//998 
f 996//996 995//995 998//998 
f 998//998 995//995 998//998 
f 995//995 958//958 998//998 
f 998//998 958//958 998//998 
f 958//958 957//957 998//998 
f 998//998 957//957 999//999 
f 957//957 956//956 999//999 
f 999//999 956//956 956//956 
f 956//956 998//998 956//956 
f 956//956 998//998 998//998 
f 998//998 999//999 998//998 
f 998//998 999//999 997//997 
f 999//999 1000//1000 997//997 
f 997//997 1000//1000 805//805 
f 1000//1000 1000//1000 805//805 
f 805//805 1000//1000 804//804 
f 1000//1000 1001//1001 804//804 
f 804//804 1001//1001 803//803 
f 1001//1001 803//803 803//803 
f 803//803 803//803 1001//1001 
f 803//803 1001//1001 1001//1001 
f 1001//1001 1001//1001 1002//1002 
f 1001//1001 1000//1000 1002//1002 
f 1002//1002 1000//1000 1002//1002 
f 1000//1000 999//999 1002//1002 
f 1002//1002 999//999 1002//1002 
f 999//999 956//956 1002//1002 
f 1002//1002 956//956 1002//1002 
f 956//956 955//955 1002//1002 
f 1002//1002 955//955 1003//1003 
f 955//955 954//954 1003//1003 
f 1003//1003 954//954 954//954 
f 954//954 1002//1002 954//954 
f 954//954 1002//1002 1002//1002 
f 1002//1002 1003//1003 1002//1002 
f 1002//1002 1003//1003 1001//1001 
f 1003//1003 1004//1004 1001//1001 
f 1001//1001 1004//1004 803//803 
f 1004//1004 1004//1004 803//803 
f 803//803 1004//1004 802//802 
f 1004//1004 1005//1005 802//802 
f 802//802 1005//1005 801//801 
f 1005//1005 801//801 801//801 
f 801//801 801//801 1005//1005 
f 801//801 1005//1005 1005//1005 
f 1005//1005 1005//1005 1006//1006 
f 1005//1005 1004//1004 1006//1006 
f 1006//1006 1004//1004 1006//1006 
f 1004//1004 1003//1003 1006//1006 
f 1006//1006 1003//1003 1006//1006 
f 1003//1003 954//954 1006//1006 
f 1006//1006 954//954 1006//1006 
f 954//954 953//953 1006//1006 
f 1006//1006 953//953 1007//1007 
f 953//953 952//952 1007//1007 
f 1007//1007 952//952 952//952 
f 952//952 1006//1006 952//952 
f 952//952 1006//1006 1006//1006 
f 1006//1006 1007//1007 1006//1006 
f 1006//1006 1007//1007 1005//1005 
f 1007//1007 1008//1008 1005//1005 
f 1005//1005 1008//1008 801//801 
f 1008//1008 1008//1008 801//801 
f 801//801 1008//1008 800//800 
f 1008//1008 1009//1009 800//800 
f 800//800 1009//1009 799//799 
f 1009//1009 799//799 799//799 
f 799//799 799//799 1009//1009 
f 799//799 1009//1009 1009//1009 
f 1009//1009 1009//1009 1010//1010 
f 1009//1009 1008//1008 1010//1010 
f 1010//1010 1008//1008 1010//1010 
f 1008//1008 1007//1007 1010//1010 
f 1010//1010 1007//1007 1010//1010 
f 1007//1007 952//952 1010//1010 
f 1010//1010 952//952 1010//1010 
f 952//952 951//951 1010//1010 
f 1010//1010 951//951 1011//1011 
f 951//951 950//950 1011//1011 
f 1011//1011 950//950 950//950 
f 950//950 1010//1010 950//950 
f 950//950 1010//1010 1010//1010 
f 1010//1010 1011//1011 1010//1010 
f 1010//1010 1011//1011 1009//1009 
f 1011//1011 1012//1012 1009//1009 
f 1009//1009 1012//1012 799//799 
f 1012//1012 1012//1012 799//799 
f 799//799 1012//1012 798//798 
f 1012//1012 1013//1013 798//798 
f 798//798 1013//1013 797//797 
f 1013//1013 797//797 797//797 
f 797//797 797//797 1013//1013 
f 797//797 1013//1013 1013//1013 
f 1013//1013 1013//1013 1014//1014 
f 1013//1013 1012//1012 1014//1014 
f 1014//1014 1012//1012 1014//1014 
f 1012//1012 1011//1011 1014//1014 
f 1014//1014 1011//1011 1014//1014 
f 1011//1011 950//950 1014//1014 
f 1014//1014 950//950 1014//1014 
f 950//950 949//949 1014//1014 
f 1014//1014 949//949 1015//1015 
f 949//949 948//948 1015//1015 
f 1015//1015 948//948 948//948 
f 948//948 1014//1014 948//948 
f 948//948 1014//1014 1014//1014 
f 1014//1014 1015//1015 1014//1014 
f 1014//1014 1015//1015 1013//1013 
f 1015//1015 1016//1016 1013//1013 
f 1013//1013 1016//1016 797//797 
f 1016//1016 1016//1016 797//797 
f 797//797 1016//1016 796//796 
f 1016//1016 1017//1017 796//796 
f 796//796 1017//1017 795//795 
f 1017//1017 795//795 795//795 
f 795//795 795//795 1017//1017 
f 795//795 1017//1017 1017//1017 
f 1017//1017 1017//1017 1018//1018 
f 1017//1017 1016//1016 1018//1018 
f 1018//1018 1016//1016 1018//1018 
f 1016//1016 1015//1015 1018//1018 
f 1018//1018 1015//1015 1018//1018 
f 1015//1015 948//948 1018//1018 
f 1018//1018 948//948 1018//1018 
f 948//948 947//947 1018//1018 
f 1018//1018 947//947 1019//1019 
f 947//947 946//946 1019//1019 
f 1019//1019 946//946 946//946 
f 946//946 1018//1018 946//946 
f 946//946 1018//1018 1018//1018 
f 1018//1018 1019//1019 1018//1018 
f 1018//1018 1019//1019 1017//1017 
f 1019//1019 1020//1020 1017//1017 
f 1017//1017 1020//1020 795//795 
f 1020//1020 1020//1020 795//795 
f 795//795 1020//1020 794//794 
f 1020//1020 1021//1021 794//794 
f 794//794 1021//1021 793//793 
f 1021//1021 793//793 793//793 
f 793//793 793//793 1021//1021 
f 793//793 1021//1021 1021//1021 
f 1021//1021 1021//1021 1022//1022 
f 1021//1021 1020//1020 1022//1022 
f 1022//1022 1020//1020 1022//1022 
f 1020//1020 1019//1019 1022//1022 
f 1022//1022 1019//1019 1022//1022 
f 1019//1019 946//946 1022//1022 
f 1022//1022 946//946 1022//1022 
f 946//946 945//945 1022//1022 
f 1022//1022 945//945 1023//1023 
f 945//945 944//944 1023//1023 
f 1023//1023 944//944 944//944 
f 944//944 1022//1022 944//944 
f 944//944 1022//1022 1022//1022 
f 1022//1022 1023//1023 1022//1022 
f 1022//1022 1023//1023 1021//1021 
f 1023//1023 1024//1024 1021//1021 
f 1021//1021 1024//1024 793//793 
f 1024//1024 1024//1024 793//793 
f 793//793 1024//1024 792//792 
f 1024//1024 1025//1025 792//792 
f 792//792 1025//1025 791//791 
f 1025//1025 791//791 791//791 
f 791//791 791//791 1025//1025 
f 791//791 1025//1025 1025//1025 
f 1025//1025 1025//1025 1026//1026 
f 1025//1025 1024//1024 1026//1026 
f 1026//1026 1024//1024 1026//1026 
f 1024//1024 1023//1023 1026//1026 
f 1026//1026 1023//1023 1026//1026 
f 1023//1023 944//944 1026//1026 
f 1026//1026 944//944 1026//1026 
f 944//944 943//943 1026//1026 
f 1026//1026 943//943 1027//1027 
f 943//943 942//942 1027//1027 
f 1027//1027 942//942 942//942 
f 942//942 1026//1026 942//942 
f 942//942 1026//1026 1026//1026 
f 1026//1026 1027//1027 1026//1026 
f 1026//1026 1027//1027 1025//1025 
f 1027//1027 1028//1028 1025//1025 
f 1025//1025 1028//1028 791//791 
f 1028//1028 1028//1028 791//791 
f 791//791 1028//1028 789//789 
f 1028//1028 1029//1029 789//789 
f 789//789 1029//1029 790//790 
f 1029//1029 1029//1029 790//790 
f 790//790 1029//1029 1030//1030 
f 1029//1029 1031//1031 1030//1030 
f 1030//1030 1031//1031 940//940 
f 1031//1031 1031//1031 940//940 
f 940//940 1031//1031 939//939 
f 1031//1031 1031//1031 939//939 
f 939//939 1031//1031 941//941 
f 1031//1031 1032//1032 941//941 
f 941//941 1032//1032 942//942 
f 1032//1032 1032//1032 942//942 
f 942//942 1032//1032 1027//1027 
f 1032//1032 1032//1032 1027//1027 
f 1027//1027 1032//1032 1028//1028 
f 1032//1032 1032//1032 1028//1028 
f 1028//1028 1032//1032 1029//1029 
f 1032//1032 1031//1031 1029//1029 

